CellId,Timestamp,PRBUtilPct,RRCSuccessPct,DLThroughputMbps
CELL-SYD-01-1-1,2025-06-21T08:00:00Z,50.8,99.43,247.6
CELL-SYD-01-1-1,2025-06-21T08:05:00Z,55.5,98.65,276.3
CELL-SYD-01-1-1,2025-06-21T08:10:00Z,53.2,99.79,219.8
CELL-SYD-01-1-1,2025-06-21T08:15:00Z,50.0,99.87,192.2
CELL-SYD-01-1-1,2025-06-21T08:20:00Z,51.6,88.99,266.2
CELL-SYD-01-1-1,2025-06-21T08:25:00Z,47.4,88.21,342.1
CELL-SYD-01-1-1,2025-06-21T08:30:00Z,45.7,84.9,301.8
CELL-SYD-01-1-1,2025-06-21T08:35:00Z,55.6,85.92,335.4
CELL-SYD-01-1-1,2025-06-21T08:40:00Z,54.7,84.57,328.2
CELL-SYD-01-1-1,2025-06-21T08:45:00Z,47.5,86.31,232.7
CELL-SYD-01-1-1,2025-06-21T08:50:00Z,49.6,86.41,338.0
CELL-SYD-01-1-1,2025-06-21T08:55:00Z,48.1,99.34,204.2
CELL-SYD-01-1-1,2025-06-21T09:00:00Z,50.8,99.03,311.8
CELL-SYD-01-1-1,2025-06-21T09:05:00Z,51.6,99.61,203.4
CELL-SYD-01-1-1,2025-06-21T09:10:00Z,54.4,99.75,299.7
CELL-SYD-01-1-1,2025-06-21T09:15:00Z,56.3,98.93,241.9
CELL-SYD-01-1-1,2025-06-21T09:20:00Z,55.8,99.17,222.5
CELL-SYD-01-1-1,2025-06-21T09:25:00Z,54.3,98.73,240.7
CELL-SYD-01-1-1,2025-06-21T09:30:00Z,50.2,98.83,271.7
CELL-SYD-01-1-1,2025-06-21T09:35:00Z,50.2,98.75,349.8
CELL-SYD-01-1-1,2025-06-21T09:40:00Z,45.0,98.95,276.1
CELL-SYD-01-1-1,2025-06-21T09:45:00Z,47.3,99.61,243.9
CELL-SYD-01-1-1,2025-06-21T09:50:00Z,47.0,99.22,207.0
CELL-SYD-01-1-1,2025-06-21T09:55:00Z,56.1,98.55,298.9
CELL-SYD-01-1-2,2025-06-21T08:00:00Z,44.6,98.92,194.8
CELL-SYD-01-1-2,2025-06-21T08:05:00Z,40.2,98.97,288.2
CELL-SYD-01-1-2,2025-06-21T08:10:00Z,46.2,99.14,267.5
CELL-SYD-01-1-2,2025-06-21T08:15:00Z,45.0,99.75,191.1
CELL-SYD-01-1-2,2025-06-21T08:20:00Z,37.5,98.86,356.9
CELL-SYD-01-1-2,2025-06-21T08:25:00Z,47.6,99.0,278.1
CELL-SYD-01-1-2,2025-06-21T08:30:00Z,47.3,98.51,312.2
CELL-SYD-01-1-2,2025-06-21T08:35:00Z,35.8,99.74,349.7
CELL-SYD-01-1-2,2025-06-21T08:40:00Z,39.5,99.02,263.7
CELL-SYD-01-1-2,2025-06-21T08:45:00Z,42.8,99.7,202.3
CELL-SYD-01-1-2,2025-06-21T08:50:00Z,41.8,99.89,181.2
CELL-SYD-01-1-2,2025-06-21T08:55:00Z,38.3,99.78,204.3
CELL-SYD-01-1-2,2025-06-21T09:00:00Z,39.6,99.05,285.9
CELL-SYD-01-1-2,2025-06-21T09:05:00Z,41.3,98.64,319.5
CELL-SYD-01-1-2,2025-06-21T09:10:00Z,45.0,98.54,288.7
CELL-SYD-01-1-2,2025-06-21T09:15:00Z,35.8,99.83,292.1
CELL-SYD-01-1-2,2025-06-21T09:20:00Z,36.8,99.1,298.0
CELL-SYD-01-1-2,2025-06-21T09:25:00Z,41.3,99.46,352.1
CELL-SYD-01-1-2,2025-06-21T09:30:00Z,40.7,99.06,302.3
CELL-SYD-01-1-2,2025-06-21T09:35:00Z,45.7,99.44,300.7
CELL-SYD-01-1-2,2025-06-21T09:40:00Z,43.8,99.07,320.3
CELL-SYD-01-1-2,2025-06-21T09:45:00Z,43.7,99.27,304.4
CELL-SYD-01-1-2,2025-06-21T09:50:00Z,44.6,98.65,260.1
CELL-SYD-01-1-2,2025-06-21T09:55:00Z,44.4,98.76,192.6
CELL-SYD-01-1-3,2025-06-21T08:00:00Z,53.7,99.06,196.6
CELL-SYD-01-1-3,2025-06-21T08:05:00Z,57.8,99.66,243.9
CELL-SYD-01-1-3,2025-06-21T08:10:00Z,57.5,98.65,300.6
CELL-SYD-01-1-3,2025-06-21T08:15:00Z,57.7,98.87,290.4
CELL-SYD-01-1-3,2025-06-21T08:20:00Z,60.3,99.61,316.3
CELL-SYD-01-1-3,2025-06-21T08:25:00Z,63.7,99.75,233.5
CELL-SYD-01-1-3,2025-06-21T08:30:00Z,52.7,99.66,217.6
CELL-SYD-01-1-3,2025-06-21T08:35:00Z,61.4,99.01,277.9
CELL-SYD-01-1-3,2025-06-21T08:40:00Z,53.5,99.32,220.1
CELL-SYD-01-1-3,2025-06-21T08:45:00Z,57.1,98.51,191.7
CELL-SYD-01-1-3,2025-06-21T08:50:00Z,55.1,99.48,263.4
CELL-SYD-01-1-3,2025-06-21T08:55:00Z,53.7,99.37,186.7
CELL-SYD-01-1-3,2025-06-21T09:00:00Z,53.1,99.83,264.9
CELL-SYD-01-1-3,2025-06-21T09:05:00Z,60.9,98.7,341.7
CELL-SYD-01-1-3,2025-06-21T09:10:00Z,60.2,99.49,312.5
CELL-SYD-01-1-3,2025-06-21T09:15:00Z,58.4,98.89,283.5
CELL-SYD-01-1-3,2025-06-21T09:20:00Z,55.6,99.23,280.7
CELL-SYD-01-1-3,2025-06-21T09:25:00Z,63.0,99.64,345.7
CELL-SYD-01-1-3,2025-06-21T09:30:00Z,62.2,99.43,189.4
CELL-SYD-01-1-3,2025-06-21T09:35:00Z,52.5,99.39,346.5
CELL-SYD-01-1-3,2025-06-21T09:40:00Z,55.9,98.81,300.4
CELL-SYD-01-1-3,2025-06-21T09:45:00Z,58.2,98.63,344.9
CELL-SYD-01-1-3,2025-06-21T09:50:00Z,54.8,98.68,251.8
CELL-SYD-01-1-3,2025-06-21T09:55:00Z,52.3,98.55,350.9
CELL-SYD-01-2-1,2025-06-21T08:00:00Z,35.4,99.55,330.3
CELL-SYD-01-2-1,2025-06-21T08:05:00Z,37.8,99.88,251.5
CELL-SYD-01-2-1,2025-06-21T08:10:00Z,33.9,99.0,224.1
CELL-SYD-01-2-1,2025-06-21T08:15:00Z,43.9,98.91,299.1
CELL-SYD-01-2-1,2025-06-21T08:20:00Z,36.3,99.61,341.7
CELL-SYD-01-2-1,2025-06-21T08:25:00Z,39.7,99.9,234.3
CELL-SYD-01-2-1,2025-06-21T08:30:00Z,43.8,99.58,193.7
CELL-SYD-01-2-1,2025-06-21T08:35:00Z,36.4,99.62,291.5
CELL-SYD-01-2-1,2025-06-21T08:40:00Z,36.3,98.61,343.0
CELL-SYD-01-2-1,2025-06-21T08:45:00Z,39.6,98.6,309.5
CELL-SYD-01-2-1,2025-06-21T08:50:00Z,43.0,98.56,190.6
CELL-SYD-01-2-1,2025-06-21T08:55:00Z,33.2,99.24,261.2
CELL-SYD-01-2-1,2025-06-21T09:00:00Z,35.5,99.73,301.7
CELL-SYD-01-2-1,2025-06-21T09:05:00Z,43.9,98.56,306.6
CELL-SYD-01-2-1,2025-06-21T09:10:00Z,37.5,99.26,346.6
CELL-SYD-01-2-1,2025-06-21T09:15:00Z,37.7,99.45,323.6
CELL-SYD-01-2-1,2025-06-21T09:20:00Z,37.9,98.93,292.9
CELL-SYD-01-2-1,2025-06-21T09:25:00Z,40.0,99.67,202.5
CELL-SYD-01-2-1,2025-06-21T09:30:00Z,32.8,99.5,259.2
CELL-SYD-01-2-1,2025-06-21T09:35:00Z,41.8,99.82,248.4
CELL-SYD-01-2-1,2025-06-21T09:40:00Z,34.2,98.54,359.5
CELL-SYD-01-2-1,2025-06-21T09:45:00Z,37.8,98.6,237.5
CELL-SYD-01-2-1,2025-06-21T09:50:00Z,36.4,99.07,326.6
CELL-SYD-01-2-1,2025-06-21T09:55:00Z,42.1,98.85,294.8
CELL-SYD-01-2-2,2025-06-21T08:00:00Z,44.6,99.51,197.4
CELL-SYD-01-2-2,2025-06-21T08:05:00Z,47.7,98.93,305.4
CELL-SYD-01-2-2,2025-06-21T08:10:00Z,54.3,99.87,316.8
CELL-SYD-01-2-2,2025-06-21T08:15:00Z,53.4,98.86,180.7
CELL-SYD-01-2-2,2025-06-21T08:20:00Z,54.2,99.62,263.2
CELL-SYD-01-2-2,2025-06-21T08:25:00Z,45.6,99.14,307.5
CELL-SYD-01-2-2,2025-06-21T08:30:00Z,55.6,99.38,253.3
CELL-SYD-01-2-2,2025-06-21T08:35:00Z,55.6,98.58,205.4
CELL-SYD-01-2-2,2025-06-21T08:40:00Z,50.3,99.36,230.3
CELL-SYD-01-2-2,2025-06-21T08:45:00Z,52.8,98.98,303.5
CELL-SYD-01-2-2,2025-06-21T08:50:00Z,54.2,99.6,207.1
CELL-SYD-01-2-2,2025-06-21T08:55:00Z,54.5,99.54,346.2
CELL-SYD-01-2-2,2025-06-21T09:00:00Z,54.4,98.7,232.5
CELL-SYD-01-2-2,2025-06-21T09:05:00Z,49.4,98.62,317.2
CELL-SYD-01-2-2,2025-06-21T09:10:00Z,48.0,99.82,280.5
CELL-SYD-01-2-2,2025-06-21T09:15:00Z,53.3,99.24,264.6
CELL-SYD-01-2-2,2025-06-21T09:20:00Z,45.0,99.25,264.8
CELL-SYD-01-2-2,2025-06-21T09:25:00Z,53.4,99.01,228.3
CELL-SYD-01-2-2,2025-06-21T09:30:00Z,48.0,98.73,352.1
CELL-SYD-01-2-2,2025-06-21T09:35:00Z,45.6,99.11,297.3
CELL-SYD-01-2-2,2025-06-21T09:40:00Z,46.9,99.41,353.6
CELL-SYD-01-2-2,2025-06-21T09:45:00Z,51.2,99.81,217.5
CELL-SYD-01-2-2,2025-06-21T09:50:00Z,46.7,98.99,279.4
CELL-SYD-01-2-2,2025-06-21T09:55:00Z,48.3,99.16,335.1
CELL-SYD-01-2-3,2025-06-21T08:00:00Z,46.1,98.69,341.9
CELL-SYD-01-2-3,2025-06-21T08:05:00Z,49.9,98.98,293.4
CELL-SYD-01-2-3,2025-06-21T08:10:00Z,46.9,99.62,205.2
CELL-SYD-01-2-3,2025-06-21T08:15:00Z,45.8,99.16,190.6
CELL-SYD-01-2-3,2025-06-21T08:20:00Z,51.7,99.42,190.4
CELL-SYD-01-2-3,2025-06-21T08:25:00Z,49.6,98.93,207.1
CELL-SYD-01-2-3,2025-06-21T08:30:00Z,51.3,99.22,357.7
CELL-SYD-01-2-3,2025-06-21T08:35:00Z,47.9,99.73,307.7
CELL-SYD-01-2-3,2025-06-21T08:40:00Z,52.0,99.9,262.2
CELL-SYD-01-2-3,2025-06-21T08:45:00Z,47.9,99.65,228.2
CELL-SYD-01-2-3,2025-06-21T08:50:00Z,54.2,99.86,286.0
CELL-SYD-01-2-3,2025-06-21T08:55:00Z,45.7,98.77,193.5
CELL-SYD-01-2-3,2025-06-21T09:00:00Z,51.9,98.86,346.9
CELL-SYD-01-2-3,2025-06-21T09:05:00Z,57.1,98.9,243.2
CELL-SYD-01-2-3,2025-06-21T09:10:00Z,54.2,99.56,191.5
CELL-SYD-01-2-3,2025-06-21T09:15:00Z,49.1,99.88,279.9
CELL-SYD-01-2-3,2025-06-21T09:20:00Z,46.6,98.66,210.1
CELL-SYD-01-2-3,2025-06-21T09:25:00Z,57.0,99.62,202.0
CELL-SYD-01-2-3,2025-06-21T09:30:00Z,52.7,99.0,326.6
CELL-SYD-01-2-3,2025-06-21T09:35:00Z,54.6,99.88,191.3
CELL-SYD-01-2-3,2025-06-21T09:40:00Z,49.8,99.25,343.3
CELL-SYD-01-2-3,2025-06-21T09:45:00Z,50.7,98.57,210.4
CELL-SYD-01-2-3,2025-06-21T09:50:00Z,55.8,98.76,260.3
CELL-SYD-01-2-3,2025-06-21T09:55:00Z,56.4,99.19,357.5
CELL-SYD-02-1-1,2025-06-21T08:00:00Z,52.4,99.17,313.8
CELL-SYD-02-1-1,2025-06-21T08:05:00Z,50.3,99.22,338.9
CELL-SYD-02-1-1,2025-06-21T08:10:00Z,58.2,99.48,211.2
CELL-SYD-02-1-1,2025-06-21T08:15:00Z,58.8,99.08,303.4
CELL-SYD-02-1-1,2025-06-21T08:20:00Z,58.8,99.46,326.0
CELL-SYD-02-1-1,2025-06-21T08:25:00Z,49.6,98.65,186.5
CELL-SYD-02-1-1,2025-06-21T08:30:00Z,51.6,94.82,185.4
CELL-SYD-02-1-1,2025-06-21T08:35:00Z,59.0,98.28,198.1
CELL-SYD-02-1-1,2025-06-21T08:40:00Z,52.9,94.85,157.3
CELL-SYD-02-1-1,2025-06-21T08:45:00Z,48.3,97.84,273.9
CELL-SYD-02-1-1,2025-06-21T08:50:00Z,51.1,94.65,67.2
CELL-SYD-02-1-1,2025-06-21T08:55:00Z,59.7,98.18,278.0
CELL-SYD-02-1-1,2025-06-21T09:00:00Z,51.1,94.23,77.3
CELL-SYD-02-1-1,2025-06-21T09:05:00Z,60.0,98.31,243.4
CELL-SYD-02-1-1,2025-06-21T09:10:00Z,50.8,94.03,69.3
CELL-SYD-02-1-1,2025-06-21T09:15:00Z,56.5,98.98,269.6
CELL-SYD-02-1-1,2025-06-21T09:20:00Z,59.9,94.23,55.8
CELL-SYD-02-1-1,2025-06-21T09:25:00Z,50.0,98.51,316.8
CELL-SYD-02-1-1,2025-06-21T09:30:00Z,52.6,94.37,69.5
CELL-SYD-02-1-1,2025-06-21T09:35:00Z,56.4,97.53,191.4
CELL-SYD-02-1-1,2025-06-21T09:40:00Z,51.0,94.47,89.9
CELL-SYD-02-1-1,2025-06-21T09:45:00Z,52.2,99.28,357.1
CELL-SYD-02-1-1,2025-06-21T09:50:00Z,49.1,99.39,246.3
CELL-SYD-02-1-1,2025-06-21T09:55:00Z,56.8,99.73,348.1
CELL-SYD-02-1-2,2025-06-21T08:00:00Z,55.3,98.76,259.5
CELL-SYD-02-1-2,2025-06-21T08:05:00Z,59.1,99.33,279.5
CELL-SYD-02-1-2,2025-06-21T08:10:00Z,61.1,99.39,217.3
CELL-SYD-02-1-2,2025-06-21T08:15:00Z,58.3,98.96,264.2
CELL-SYD-02-1-2,2025-06-21T08:20:00Z,50.9,99.38,297.8
CELL-SYD-02-1-2,2025-06-21T08:25:00Z,55.4,98.83,329.0
CELL-SYD-02-1-2,2025-06-21T08:30:00Z,57.2,94.33,265.1
CELL-SYD-02-1-2,2025-06-21T08:35:00Z,56.0,97.96,176.9
CELL-SYD-02-1-2,2025-06-21T08:40:00Z,54.5,94.65,130.8
CELL-SYD-02-1-2,2025-06-21T08:45:00Z,57.9,97.95,330.2
CELL-SYD-02-1-2,2025-06-21T08:50:00Z,57.3,93.62,106.7
CELL-SYD-02-1-2,2025-06-21T08:55:00Z,53.4,97.81,279.5
CELL-SYD-02-1-2,2025-06-21T09:00:00Z,53.2,93.5,104.2
CELL-SYD-02-1-2,2025-06-21T09:05:00Z,56.7,98.8,208.6
CELL-SYD-02-1-2,2025-06-21T09:10:00Z,53.6,94.86,88.7
CELL-SYD-02-1-2,2025-06-21T09:15:00Z,61.3,98.22,190.2
CELL-SYD-02-1-2,2025-06-21T09:20:00Z,53.0,94.06,87.3
CELL-SYD-02-1-2,2025-06-21T09:25:00Z,58.3,98.26,279.8
CELL-SYD-02-1-2,2025-06-21T09:30:00Z,57.0,94.11,100.1
CELL-SYD-02-1-2,2025-06-21T09:35:00Z,50.9,97.7,311.1
CELL-SYD-02-1-2,2025-06-21T09:40:00Z,51.3,93.69,64.8
CELL-SYD-02-1-2,2025-06-21T09:45:00Z,53.7,99.88,298.5
CELL-SYD-02-1-2,2025-06-21T09:50:00Z,55.3,99.89,293.3
CELL-SYD-02-1-2,2025-06-21T09:55:00Z,51.1,99.17,192.1
CELL-SYD-02-1-3,2025-06-21T08:00:00Z,49.6,98.53,186.7
CELL-SYD-02-1-3,2025-06-21T08:05:00Z,50.9,98.69,191.0
CELL-SYD-02-1-3,2025-06-21T08:10:00Z,49.1,99.47,193.5
CELL-SYD-02-1-3,2025-06-21T08:15:00Z,51.8,99.78,186.4
CELL-SYD-02-1-3,2025-06-21T08:20:00Z,54.5,99.09,276.8
CELL-SYD-02-1-3,2025-06-21T08:25:00Z,45.1,99.59,245.8
CELL-SYD-02-1-3,2025-06-21T08:30:00Z,54.4,94.04,232.6
CELL-SYD-02-1-3,2025-06-21T08:35:00Z,54.9,98.94,329.4
CELL-SYD-02-1-3,2025-06-21T08:40:00Z,51.6,93.57,118.7
CELL-SYD-02-1-3,2025-06-21T08:45:00Z,46.9,98.42,197.7
CELL-SYD-02-1-3,2025-06-21T08:50:00Z,48.5,93.76,87.1
CELL-SYD-02-1-3,2025-06-21T08:55:00Z,55.8,97.74,287.5
CELL-SYD-02-1-3,2025-06-21T09:00:00Z,56.5,94.91,104.9
CELL-SYD-02-1-3,2025-06-21T09:05:00Z,50.5,97.73,228.2
CELL-SYD-02-1-3,2025-06-21T09:10:00Z,56.0,94.38,91.8
CELL-SYD-02-1-3,2025-06-21T09:15:00Z,56.9,97.94,310.1
CELL-SYD-02-1-3,2025-06-21T09:20:00Z,49.9,94.96,64.0
CELL-SYD-02-1-3,2025-06-21T09:25:00Z,56.1,98.62,194.4
CELL-SYD-02-1-3,2025-06-21T09:30:00Z,51.6,93.72,64.2
CELL-SYD-02-1-3,2025-06-21T09:35:00Z,53.4,98.77,244.6
CELL-SYD-02-1-3,2025-06-21T09:40:00Z,47.5,94.5,95.1
CELL-SYD-02-1-3,2025-06-21T09:45:00Z,55.5,99.01,300.0
CELL-SYD-02-1-3,2025-06-21T09:50:00Z,53.0,99.62,349.4
CELL-SYD-02-1-3,2025-06-21T09:55:00Z,56.3,99.08,259.8
CELL-SYD-02-2-1,2025-06-21T08:00:00Z,46.5,98.65,236.7
CELL-SYD-02-2-1,2025-06-21T08:05:00Z,43.0,99.02,269.2
CELL-SYD-02-2-1,2025-06-21T08:10:00Z,42.9,98.53,321.1
CELL-SYD-02-2-1,2025-06-21T08:15:00Z,47.8,99.22,349.4
CELL-SYD-02-2-1,2025-06-21T08:20:00Z,43.8,98.57,304.0
CELL-SYD-02-2-1,2025-06-21T08:25:00Z,49.7,99.56,336.3
CELL-SYD-02-2-1,2025-06-21T08:30:00Z,48.2,93.99,160.6
CELL-SYD-02-2-1,2025-06-21T08:35:00Z,45.8,97.98,311.4
CELL-SYD-02-2-1,2025-06-21T08:40:00Z,48.1,94.14,121.0
CELL-SYD-02-2-1,2025-06-21T08:45:00Z,43.3,97.54,307.7
CELL-SYD-02-2-1,2025-06-21T08:50:00Z,47.0,94.43,81.8
CELL-SYD-02-2-1,2025-06-21T08:55:00Z,41.9,98.46,280.4
CELL-SYD-02-2-1,2025-06-21T09:00:00Z,44.1,94.3,85.9
CELL-SYD-02-2-1,2025-06-21T09:05:00Z,43.3,98.63,235.7
CELL-SYD-02-2-1,2025-06-21T09:10:00Z,43.6,94.49,79.3
CELL-SYD-02-2-1,2025-06-21T09:15:00Z,44.9,98.44,295.8
CELL-SYD-02-2-1,2025-06-21T09:20:00Z,45.5,93.9,75.8
CELL-SYD-02-2-1,2025-06-21T09:25:00Z,48.5,98.58,303.8
CELL-SYD-02-2-1,2025-06-21T09:30:00Z,43.1,94.79,87.6
CELL-SYD-02-2-1,2025-06-21T09:35:00Z,42.6,98.15,224.2
CELL-SYD-02-2-1,2025-06-21T09:40:00Z,47.0,94.6,104.9
CELL-SYD-02-2-1,2025-06-21T09:45:00Z,48.4,99.48,313.3
CELL-SYD-02-2-1,2025-06-21T09:50:00Z,51.0,99.37,277.1
CELL-SYD-02-2-1,2025-06-21T09:55:00Z,42.6,98.97,249.8
CELL-SYD-02-2-2,2025-06-21T08:00:00Z,46.4,99.41,294.1
CELL-SYD-02-2-2,2025-06-21T08:05:00Z,52.7,99.58,208.6
CELL-SYD-02-2-2,2025-06-21T08:10:00Z,47.1,99.41,305.8
CELL-SYD-02-2-2,2025-06-21T08:15:00Z,50.1,98.52,208.9
CELL-SYD-02-2-2,2025-06-21T08:20:00Z,55.2,98.85,255.8
CELL-SYD-02-2-2,2025-06-21T08:25:00Z,45.3,99.81,349.8
CELL-SYD-02-2-2,2025-06-21T08:30:00Z,47.1,94.63,239.6
CELL-SYD-02-2-2,2025-06-21T08:35:00Z,44.2,97.5,278.0
CELL-SYD-02-2-2,2025-06-21T08:40:00Z,52.2,94.09,155.9
CELL-SYD-02-2-2,2025-06-21T08:45:00Z,48.5,97.65,273.2
CELL-SYD-02-2-2,2025-06-21T08:50:00Z,44.0,93.77,104.7
CELL-SYD-02-2-2,2025-06-21T08:55:00Z,54.5,97.53,210.7
CELL-SYD-02-2-2,2025-06-21T09:00:00Z,43.9,94.19,101.2
CELL-SYD-02-2-2,2025-06-21T09:05:00Z,55.3,97.66,266.2
CELL-SYD-02-2-2,2025-06-21T09:10:00Z,50.7,94.97,100.5
CELL-SYD-02-2-2,2025-06-21T09:15:00Z,47.5,97.52,234.6
CELL-SYD-02-2-2,2025-06-21T09:20:00Z,52.7,93.76,59.3
CELL-SYD-02-2-2,2025-06-21T09:25:00Z,47.3,99.0,335.5
CELL-SYD-02-2-2,2025-06-21T09:30:00Z,53.4,94.82,68.0
CELL-SYD-02-2-2,2025-06-21T09:35:00Z,48.1,98.03,281.7
CELL-SYD-02-2-2,2025-06-21T09:40:00Z,50.3,93.96,67.9
CELL-SYD-02-2-2,2025-06-21T09:45:00Z,46.8,99.39,294.2
CELL-SYD-02-2-2,2025-06-21T09:50:00Z,50.8,99.13,284.8
CELL-SYD-02-2-2,2025-06-21T09:55:00Z,43.9,99.63,185.4
CELL-SYD-02-2-3,2025-06-21T08:00:00Z,37.0,99.86,208.5
CELL-SYD-02-2-3,2025-06-21T08:05:00Z,39.3,98.5,247.2
CELL-SYD-02-2-3,2025-06-21T08:10:00Z,43.9,99.27,293.0
CELL-SYD-02-2-3,2025-06-21T08:15:00Z,42.0,98.64,264.1
CELL-SYD-02-2-3,2025-06-21T08:20:00Z,39.6,98.57,343.2
CELL-SYD-02-2-3,2025-06-21T08:25:00Z,46.4,98.97,261.3
CELL-SYD-02-2-3,2025-06-21T08:30:00Z,42.8,94.17,245.7
CELL-SYD-02-2-3,2025-06-21T08:35:00Z,37.0,98.06,242.6
CELL-SYD-02-2-3,2025-06-21T08:40:00Z,41.2,94.44,124.4
CELL-SYD-02-2-3,2025-06-21T08:45:00Z,39.8,97.78,229.3
CELL-SYD-02-2-3,2025-06-21T08:50:00Z,44.6,94.96,84.1
CELL-SYD-02-2-3,2025-06-21T08:55:00Z,36.8,97.76,267.2
CELL-SYD-02-2-3,2025-06-21T09:00:00Z,40.5,93.81,65.1
CELL-SYD-02-2-3,2025-06-21T09:05:00Z,38.0,98.67,252.4
CELL-SYD-02-2-3,2025-06-21T09:10:00Z,41.8,94.0,101.1
CELL-SYD-02-2-3,2025-06-21T09:15:00Z,39.4,98.98,253.8
CELL-SYD-02-2-3,2025-06-21T09:20:00Z,47.2,94.21,90.9
CELL-SYD-02-2-3,2025-06-21T09:25:00Z,37.5,98.3,251.8
CELL-SYD-02-2-3,2025-06-21T09:30:00Z,42.0,93.8,103.1
CELL-SYD-02-2-3,2025-06-21T09:35:00Z,47.5,98.48,270.0
CELL-SYD-02-2-3,2025-06-21T09:40:00Z,37.9,94.53,74.9
CELL-SYD-02-2-3,2025-06-21T09:45:00Z,42.9,99.14,288.6
CELL-SYD-02-2-3,2025-06-21T09:50:00Z,46.6,98.99,264.2
CELL-SYD-02-2-3,2025-06-21T09:55:00Z,40.2,98.55,326.4
CELL-MEL-01-1-1,2025-06-21T08:00:00Z,60.2,98.64,243.8
CELL-MEL-01-1-1,2025-06-21T08:05:00Z,58.0,98.72,304.3
CELL-MEL-01-1-1,2025-06-21T08:10:00Z,57.9,98.84,237.6
CELL-MEL-01-1-1,2025-06-21T08:15:00Z,55.4,99.07,231.8
CELL-MEL-01-1-1,2025-06-21T08:20:00Z,50.1,98.79,357.4
CELL-MEL-01-1-1,2025-06-21T08:25:00Z,52.4,99.89,236.7
CELL-MEL-01-1-1,2025-06-21T08:30:00Z,60.8,98.88,274.6
CELL-MEL-01-1-1,2025-06-21T08:35:00Z,54.9,98.66,227.7
CELL-MEL-01-1-1,2025-06-21T08:40:00Z,49.9,99.32,286.8
CELL-MEL-01-1-1,2025-06-21T08:45:00Z,56.5,99.67,186.8
CELL-MEL-01-1-1,2025-06-21T08:50:00Z,56.5,99.26,307.1
CELL-MEL-01-1-1,2025-06-21T08:55:00Z,49.7,98.82,345.7
CELL-MEL-01-1-1,2025-06-21T09:00:00Z,49.9,99.71,316.6
CELL-MEL-01-1-1,2025-06-21T09:05:00Z,61.4,98.66,336.5
CELL-MEL-01-1-1,2025-06-21T09:10:00Z,55.4,99.8,296.7
CELL-MEL-01-1-1,2025-06-21T09:15:00Z,54.7,99.57,204.1
CELL-MEL-01-1-1,2025-06-21T09:20:00Z,53.1,99.54,265.3
CELL-MEL-01-1-1,2025-06-21T09:25:00Z,53.7,99.87,262.6
CELL-MEL-01-1-1,2025-06-21T09:30:00Z,53.5,98.73,326.7
CELL-MEL-01-1-1,2025-06-21T09:35:00Z,55.1,99.07,197.2
CELL-MEL-01-1-1,2025-06-21T09:40:00Z,52.1,98.68,348.3
CELL-MEL-01-1-1,2025-06-21T09:45:00Z,54.5,98.57,208.2
CELL-MEL-01-1-1,2025-06-21T09:50:00Z,59.5,98.88,254.2
CELL-MEL-01-1-1,2025-06-21T09:55:00Z,53.5,99.62,233.6
CELL-MEL-01-1-2,2025-06-21T08:00:00Z,42.9,98.97,272.7
CELL-MEL-01-1-2,2025-06-21T08:05:00Z,48.3,99.01,301.9
CELL-MEL-01-1-2,2025-06-21T08:10:00Z,40.9,99.25,227.7
CELL-MEL-01-1-2,2025-06-21T08:15:00Z,41.7,99.46,339.7
CELL-MEL-01-1-2,2025-06-21T08:20:00Z,47.5,98.51,306.8
CELL-MEL-01-1-2,2025-06-21T08:25:00Z,51.0,99.09,329.6
CELL-MEL-01-1-2,2025-06-21T08:30:00Z,49.4,99.55,238.6
CELL-MEL-01-1-2,2025-06-21T08:35:00Z,40.1,99.77,241.8
CELL-MEL-01-1-2,2025-06-21T08:40:00Z,50.4,99.15,185.8
CELL-MEL-01-1-2,2025-06-21T08:45:00Z,44.8,99.26,312.4
CELL-MEL-01-1-2,2025-06-21T08:50:00Z,47.9,98.64,241.1
CELL-MEL-01-1-2,2025-06-21T08:55:00Z,48.6,98.56,345.6
CELL-MEL-01-1-2,2025-06-21T09:00:00Z,46.2,98.53,279.8
CELL-MEL-01-1-2,2025-06-21T09:05:00Z,42.3,99.54,208.6
CELL-MEL-01-1-2,2025-06-21T09:10:00Z,50.4,99.49,346.2
CELL-MEL-01-1-2,2025-06-21T09:15:00Z,41.0,99.37,271.5
CELL-MEL-01-1-2,2025-06-21T09:20:00Z,47.0,98.66,187.7
CELL-MEL-01-1-2,2025-06-21T09:25:00Z,47.7,98.77,225.3
CELL-MEL-01-1-2,2025-06-21T09:30:00Z,41.3,99.66,259.6
CELL-MEL-01-1-2,2025-06-21T09:35:00Z,50.6,99.85,189.1
CELL-MEL-01-1-2,2025-06-21T09:40:00Z,46.2,99.38,311.1
CELL-MEL-01-1-2,2025-06-21T09:45:00Z,41.7,99.08,183.9
CELL-MEL-01-1-2,2025-06-21T09:50:00Z,48.9,99.56,253.5
CELL-MEL-01-1-2,2025-06-21T09:55:00Z,47.2,99.26,225.2
CELL-MEL-01-1-3,2025-06-21T08:00:00Z,40.7,98.74,311.3
CELL-MEL-01-1-3,2025-06-21T08:05:00Z,33.3,99.77,192.1
CELL-MEL-01-1-3,2025-06-21T08:10:00Z,34.6,98.81,248.1
CELL-MEL-01-1-3,2025-06-21T08:15:00Z,42.0,99.84,235.8
CELL-MEL-01-1-3,2025-06-21T08:20:00Z,39.1,99.79,340.6
CELL-MEL-01-1-3,2025-06-21T08:25:00Z,42.7,98.83,266.1
CELL-MEL-01-1-3,2025-06-21T08:30:00Z,39.0,98.91,260.4
CELL-MEL-01-1-3,2025-06-21T08:35:00Z,34.8,99.33,329.4
CELL-MEL-01-1-3,2025-06-21T08:40:00Z,42.3,98.88,296.0
CELL-MEL-01-1-3,2025-06-21T08:45:00Z,40.7,98.57,341.9
CELL-MEL-01-1-3,2025-06-21T08:50:00Z,37.3,98.61,288.5
CELL-MEL-01-1-3,2025-06-21T08:55:00Z,42.2,99.45,224.2
CELL-MEL-01-1-3,2025-06-21T09:00:00Z,36.7,99.39,262.0
CELL-MEL-01-1-3,2025-06-21T09:05:00Z,35.3,99.49,308.7
CELL-MEL-01-1-3,2025-06-21T09:10:00Z,34.6,99.19,278.5
CELL-MEL-01-1-3,2025-06-21T09:15:00Z,34.0,99.64,245.8
CELL-MEL-01-1-3,2025-06-21T09:20:00Z,41.5,99.15,223.5
CELL-MEL-01-1-3,2025-06-21T09:25:00Z,34.5,99.06,359.8
CELL-MEL-01-1-3,2025-06-21T09:30:00Z,35.4,99.24,322.8
CELL-MEL-01-1-3,2025-06-21T09:35:00Z,33.1,98.86,253.4
CELL-MEL-01-1-3,2025-06-21T09:40:00Z,34.0,99.77,209.1
CELL-MEL-01-1-3,2025-06-21T09:45:00Z,33.5,98.85,346.1
CELL-MEL-01-1-3,2025-06-21T09:50:00Z,41.9,98.7,253.1
CELL-MEL-01-1-3,2025-06-21T09:55:00Z,38.5,98.91,219.5
CELL-MEL-01-2-1,2025-06-21T08:00:00Z,38.3,98.96,304.1
CELL-MEL-01-2-1,2025-06-21T08:05:00Z,36.3,99.44,274.2
CELL-MEL-01-2-1,2025-06-21T08:10:00Z,34.9,98.61,221.6
CELL-MEL-01-2-1,2025-06-21T08:15:00Z,44.5,99.41,190.6
CELL-MEL-01-2-1,2025-06-21T08:20:00Z,40.7,99.72,271.4
CELL-MEL-01-2-1,2025-06-21T08:25:00Z,43.7,99.62,278.7
CELL-MEL-01-2-1,2025-06-21T08:30:00Z,43.5,99.4,194.1
CELL-MEL-01-2-1,2025-06-21T08:35:00Z,35.9,98.76,247.5
CELL-MEL-01-2-1,2025-06-21T08:40:00Z,35.8,99.34,212.4
CELL-MEL-01-2-1,2025-06-21T08:45:00Z,39.0,99.89,204.1
CELL-MEL-01-2-1,2025-06-21T08:50:00Z,42.3,99.08,211.8
CELL-MEL-01-2-1,2025-06-21T08:55:00Z,44.6,99.64,321.0
CELL-MEL-01-2-1,2025-06-21T09:00:00Z,44.5,98.52,198.8
CELL-MEL-01-2-1,2025-06-21T09:05:00Z,38.4,99.05,226.8
CELL-MEL-01-2-1,2025-06-21T09:10:00Z,91.2,90.09,141.8
CELL-MEL-01-2-1,2025-06-21T09:15:00Z,94.3,86.65,139.3
CELL-MEL-01-2-1,2025-06-21T09:20:00Z,94.6,84.71,105.7
CELL-MEL-01-2-1,2025-06-21T09:25:00Z,98.3,82.61,73.4
CELL-MEL-01-2-1,2025-06-21T09:30:00Z,96.0,83.22,85.9
CELL-MEL-01-2-1,2025-06-21T09:35:00Z,98.4,81.64,86.2
CELL-MEL-01-2-1,2025-06-21T09:40:00Z,97.4,81.6,80.7
CELL-MEL-01-2-1,2025-06-21T09:45:00Z,97.3,84.35,85.8
CELL-MEL-01-2-1,2025-06-21T09:50:00Z,97.6,84.49,73.5
CELL-MEL-01-2-1,2025-06-21T09:55:00Z,96.1,84.23,78.6
CELL-MEL-01-2-2,2025-06-21T08:00:00Z,47.2,99.42,207.6
CELL-MEL-01-2-2,2025-06-21T08:05:00Z,42.6,99.75,181.5
CELL-MEL-01-2-2,2025-06-21T08:10:00Z,42.4,99.7,348.3
CELL-MEL-01-2-2,2025-06-21T08:15:00Z,38.9,99.7,222.2
CELL-MEL-01-2-2,2025-06-21T08:20:00Z,49.4,99.22,329.5
CELL-MEL-01-2-2,2025-06-21T08:25:00Z,40.7,98.69,335.1
CELL-MEL-01-2-2,2025-06-21T08:30:00Z,39.7,99.47,185.6
CELL-MEL-01-2-2,2025-06-21T08:35:00Z,50.0,99.4,334.3
CELL-MEL-01-2-2,2025-06-21T08:40:00Z,40.8,99.6,183.6
CELL-MEL-01-2-2,2025-06-21T08:45:00Z,39.9,98.92,265.9
CELL-MEL-01-2-2,2025-06-21T08:50:00Z,38.6,99.39,350.4
CELL-MEL-01-2-2,2025-06-21T08:55:00Z,41.6,98.72,348.4
CELL-MEL-01-2-2,2025-06-21T09:00:00Z,43.5,98.83,266.9
CELL-MEL-01-2-2,2025-06-21T09:05:00Z,47.9,98.92,348.5
CELL-MEL-01-2-2,2025-06-21T09:10:00Z,91.5,90.84,161.5
CELL-MEL-01-2-2,2025-06-21T09:15:00Z,94.3,88.8,140.2
CELL-MEL-01-2-2,2025-06-21T09:20:00Z,96.7,86.3,103.0
CELL-MEL-01-2-2,2025-06-21T09:25:00Z,97.1,82.55,79.5
CELL-MEL-01-2-2,2025-06-21T09:30:00Z,97.8,84.37,78.9
CELL-MEL-01-2-2,2025-06-21T09:35:00Z,96.5,81.9,83.0
CELL-MEL-01-2-2,2025-06-21T09:40:00Z,95.7,83.04,87.4
CELL-MEL-01-2-2,2025-06-21T09:45:00Z,96.5,82.22,88.4
CELL-MEL-01-2-2,2025-06-21T09:50:00Z,97.5,84.48,83.3
CELL-MEL-01-2-2,2025-06-21T09:55:00Z,97.3,81.84,78.2
CELL-MEL-01-2-3,2025-06-21T08:00:00Z,44.4,99.75,278.9
CELL-MEL-01-2-3,2025-06-21T08:05:00Z,50.5,98.53,269.0
CELL-MEL-01-2-3,2025-06-21T08:10:00Z,41.3,99.84,230.0
CELL-MEL-01-2-3,2025-06-21T08:15:00Z,49.9,99.79,284.2
CELL-MEL-01-2-3,2025-06-21T08:20:00Z,49.9,99.0,285.5
CELL-MEL-01-2-3,2025-06-21T08:25:00Z,47.2,98.68,204.7
CELL-MEL-01-2-3,2025-06-21T08:30:00Z,47.1,98.51,324.7
CELL-MEL-01-2-3,2025-06-21T08:35:00Z,40.8,99.57,339.6
CELL-MEL-01-2-3,2025-06-21T08:40:00Z,42.8,98.67,312.6
CELL-MEL-01-2-3,2025-06-21T08:45:00Z,49.1,99.82,289.7
CELL-MEL-01-2-3,2025-06-21T08:50:00Z,39.9,98.53,240.1
CELL-MEL-01-2-3,2025-06-21T08:55:00Z,39.6,99.9,333.7
CELL-MEL-01-2-3,2025-06-21T09:00:00Z,48.8,99.88,190.4
CELL-MEL-01-2-3,2025-06-21T09:05:00Z,48.8,99.22,193.1
CELL-MEL-01-2-3,2025-06-21T09:10:00Z,93.1,89.03,160.6
CELL-MEL-01-2-3,2025-06-21T09:15:00Z,94.5,86.86,124.9
CELL-MEL-01-2-3,2025-06-21T09:20:00Z,95.3,84.57,107.4
CELL-MEL-01-2-3,2025-06-21T09:25:00Z,97.1,83.29,78.2
CELL-MEL-01-2-3,2025-06-21T09:30:00Z,96.4,83.83,84.8
CELL-MEL-01-2-3,2025-06-21T09:35:00Z,97.0,83.7,88.2
CELL-MEL-01-2-3,2025-06-21T09:40:00Z,95.7,81.8,89.2
CELL-MEL-01-2-3,2025-06-21T09:45:00Z,96.1,81.6,77.3
CELL-MEL-01-2-3,2025-06-21T09:50:00Z,98.3,82.03,87.1
CELL-MEL-01-2-3,2025-06-21T09:55:00Z,97.0,82.76,81.8
CELL-MEL-02-1-1,2025-06-21T08:00:00Z,48.8,99.7,331.4
CELL-MEL-02-1-1,2025-06-21T08:05:00Z,56.4,99.02,313.4
CELL-MEL-02-1-1,2025-06-21T08:10:00Z,53.0,99.13,213.4
CELL-MEL-02-1-1,2025-06-21T08:15:00Z,57.6,99.79,210.8
CELL-MEL-02-1-1,2025-06-21T08:20:00Z,47.7,99.13,300.5
CELL-MEL-02-1-1,2025-06-21T08:25:00Z,58.7,99.49,302.3
CELL-MEL-02-1-1,2025-06-21T08:30:00Z,52.5,99.89,186.1
CELL-MEL-02-1-1,2025-06-21T08:35:00Z,51.6,98.53,295.7
CELL-MEL-02-1-1,2025-06-21T08:40:00Z,57.2,99.0,267.4
CELL-MEL-02-1-1,2025-06-21T08:45:00Z,56.1,98.65,275.0
CELL-MEL-02-1-1,2025-06-21T08:50:00Z,54.8,99.1,189.2
CELL-MEL-02-1-1,2025-06-21T08:55:00Z,57.0,99.21,307.7
CELL-MEL-02-1-1,2025-06-21T09:00:00Z,47.7,99.28,321.4
CELL-MEL-02-1-1,2025-06-21T09:05:00Z,50.3,99.58,217.0
CELL-MEL-02-1-1,2025-06-21T09:10:00Z,59.0,99.72,352.0
CELL-MEL-02-1-1,2025-06-21T09:15:00Z,54.3,99.42,356.7
CELL-MEL-02-1-1,2025-06-21T09:20:00Z,47.6,99.55,290.1
CELL-MEL-02-1-1,2025-06-21T09:25:00Z,49.3,99.19,272.6
CELL-MEL-02-1-1,2025-06-21T09:30:00Z,56.8,99.26,295.3
CELL-MEL-02-1-1,2025-06-21T09:35:00Z,54.0,98.74,263.9
CELL-MEL-02-1-1,2025-06-21T09:40:00Z,55.8,98.52,328.1
CELL-MEL-02-1-1,2025-06-21T09:45:00Z,54.9,98.68,271.9
CELL-MEL-02-1-1,2025-06-21T09:50:00Z,57.6,99.65,297.4
CELL-MEL-02-1-1,2025-06-21T09:55:00Z,52.6,99.47,217.1
CELL-MEL-02-1-2,2025-06-21T08:00:00Z,52.9,99.25,336.0
CELL-MEL-02-1-2,2025-06-21T08:05:00Z,59.9,99.28,288.2
CELL-MEL-02-1-2,2025-06-21T08:10:00Z,59.9,99.76,317.2
CELL-MEL-02-1-2,2025-06-21T08:15:00Z,55.0,99.37,250.6
CELL-MEL-02-1-2,2025-06-21T08:20:00Z,52.8,99.12,186.8
CELL-MEL-02-1-2,2025-06-21T08:25:00Z,52.2,98.74,289.3
CELL-MEL-02-1-2,2025-06-21T08:30:00Z,48.5,98.99,187.6
CELL-MEL-02-1-2,2025-06-21T08:35:00Z,56.9,99.45,320.8
CELL-MEL-02-1-2,2025-06-21T08:40:00Z,59.4,99.49,346.0
CELL-MEL-02-1-2,2025-06-21T08:45:00Z,51.8,99.5,259.5
CELL-MEL-02-1-2,2025-06-21T08:50:00Z,51.1,99.61,342.9
CELL-MEL-02-1-2,2025-06-21T08:55:00Z,48.8,99.3,238.5
CELL-MEL-02-1-2,2025-06-21T09:00:00Z,59.5,98.99,183.6
CELL-MEL-02-1-2,2025-06-21T09:05:00Z,54.1,99.27,211.3
CELL-MEL-02-1-2,2025-06-21T09:10:00Z,55.7,98.74,237.5
CELL-MEL-02-1-2,2025-06-21T09:15:00Z,55.2,99.64,230.0
CELL-MEL-02-1-2,2025-06-21T09:20:00Z,50.4,98.78,258.1
CELL-MEL-02-1-2,2025-06-21T09:25:00Z,54.5,99.16,307.0
CELL-MEL-02-1-2,2025-06-21T09:30:00Z,53.5,99.54,213.8
CELL-MEL-02-1-2,2025-06-21T09:35:00Z,55.4,99.61,193.1
CELL-MEL-02-1-2,2025-06-21T09:40:00Z,60.0,99.6,324.7
CELL-MEL-02-1-2,2025-06-21T09:45:00Z,56.7,99.25,246.9
CELL-MEL-02-1-2,2025-06-21T09:50:00Z,51.5,98.62,284.5
CELL-MEL-02-1-2,2025-06-21T09:55:00Z,51.7,98.72,301.6
CELL-MEL-02-1-3,2025-06-21T08:00:00Z,57.2,99.2,180.2
CELL-MEL-02-1-3,2025-06-21T08:05:00Z,52.9,99.66,354.6
CELL-MEL-02-1-3,2025-06-21T08:10:00Z,49.4,99.58,280.3
CELL-MEL-02-1-3,2025-06-21T08:15:00Z,50.0,99.18,195.8
CELL-MEL-02-1-3,2025-06-21T08:20:00Z,61.2,99.55,302.9
CELL-MEL-02-1-3,2025-06-21T08:25:00Z,58.4,99.08,345.7
CELL-MEL-02-1-3,2025-06-21T08:30:00Z,49.9,99.72,265.6
CELL-MEL-02-1-3,2025-06-21T08:35:00Z,58.5,99.29,192.3
CELL-MEL-02-1-3,2025-06-21T08:40:00Z,55.0,99.87,329.4
CELL-MEL-02-1-3,2025-06-21T08:45:00Z,57.4,99.24,300.6
CELL-MEL-02-1-3,2025-06-21T08:50:00Z,54.2,99.57,328.8
CELL-MEL-02-1-3,2025-06-21T08:55:00Z,52.2,99.9,191.0
CELL-MEL-02-1-3,2025-06-21T09:00:00Z,51.3,98.69,187.5
CELL-MEL-02-1-3,2025-06-21T09:05:00Z,61.1,99.81,248.4
CELL-MEL-02-1-3,2025-06-21T09:10:00Z,60.9,99.06,195.4
CELL-MEL-02-1-3,2025-06-21T09:15:00Z,53.0,98.6,193.0
CELL-MEL-02-1-3,2025-06-21T09:20:00Z,57.7,98.61,310.6
CELL-MEL-02-1-3,2025-06-21T09:25:00Z,57.4,98.81,265.2
CELL-MEL-02-1-3,2025-06-21T09:30:00Z,59.1,99.63,313.7
CELL-MEL-02-1-3,2025-06-21T09:35:00Z,49.4,99.22,239.3
CELL-MEL-02-1-3,2025-06-21T09:40:00Z,56.6,98.92,307.7
CELL-MEL-02-1-3,2025-06-21T09:45:00Z,55.9,99.13,217.7
CELL-MEL-02-1-3,2025-06-21T09:50:00Z,55.7,98.69,220.4
CELL-MEL-02-1-3,2025-06-21T09:55:00Z,55.7,98.9,295.6
CELL-MEL-02-2-1,2025-06-21T08:00:00Z,50.9,99.42,259.3
CELL-MEL-02-2-1,2025-06-21T08:05:00Z,51.3,99.59,209.9
CELL-MEL-02-2-1,2025-06-21T08:10:00Z,53.2,99.28,213.0
CELL-MEL-02-2-1,2025-06-21T08:15:00Z,47.6,99.48,217.2
CELL-MEL-02-2-1,2025-06-21T08:20:00Z,45.9,98.53,335.6
CELL-MEL-02-2-1,2025-06-21T08:25:00Z,54.5,99.19,332.0
CELL-MEL-02-2-1,2025-06-21T08:30:00Z,47.6,99.15,247.1
CELL-MEL-02-2-1,2025-06-21T08:35:00Z,54.0,99.69,194.5
CELL-MEL-02-2-1,2025-06-21T08:40:00Z,48.0,99.78,226.3
CELL-MEL-02-2-1,2025-06-21T08:45:00Z,53.7,99.73,288.0
CELL-MEL-02-2-1,2025-06-21T08:50:00Z,53.5,99.29,246.5
CELL-MEL-02-2-1,2025-06-21T08:55:00Z,55.5,99.86,358.9
CELL-MEL-02-2-1,2025-06-21T09:00:00Z,51.7,99.65,257.2
CELL-MEL-02-2-1,2025-06-21T09:05:00Z,50.7,99.9,281.3
CELL-MEL-02-2-1,2025-06-21T09:10:00Z,55.0,98.82,323.7
CELL-MEL-02-2-1,2025-06-21T09:15:00Z,48.2,99.55,357.8
CELL-MEL-02-2-1,2025-06-21T09:20:00Z,46.1,99.39,337.6
CELL-MEL-02-2-1,2025-06-21T09:25:00Z,50.0,99.36,293.9
CELL-MEL-02-2-1,2025-06-21T09:30:00Z,48.6,99.18,262.9
CELL-MEL-02-2-1,2025-06-21T09:35:00Z,50.9,98.55,347.0
CELL-MEL-02-2-1,2025-06-21T09:40:00Z,56.0,99.06,300.7
CELL-MEL-02-2-1,2025-06-21T09:45:00Z,44.6,99.59,231.7
CELL-MEL-02-2-1,2025-06-21T09:50:00Z,50.0,99.14,207.8
CELL-MEL-02-2-1,2025-06-21T09:55:00Z,55.3,98.53,320.4
CELL-MEL-02-2-2,2025-06-21T08:00:00Z,51.6,99.35,269.1
CELL-MEL-02-2-2,2025-06-21T08:05:00Z,44.8,99.57,228.4
CELL-MEL-02-2-2,2025-06-21T08:10:00Z,43.2,99.23,299.7
CELL-MEL-02-2-2,2025-06-21T08:15:00Z,51.9,99.4,341.5
CELL-MEL-02-2-2,2025-06-21T08:20:00Z,47.6,98.63,272.0
CELL-MEL-02-2-2,2025-06-21T08:25:00Z,46.4,99.28,232.8
CELL-MEL-02-2-2,2025-06-21T08:30:00Z,54.0,98.8,264.5
CELL-MEL-02-2-2,2025-06-21T08:35:00Z,48.7,99.62,285.4
CELL-MEL-02-2-2,2025-06-21T08:40:00Z,54.8,99.8,181.0
CELL-MEL-02-2-2,2025-06-21T08:45:00Z,54.4,99.19,228.0
CELL-MEL-02-2-2,2025-06-21T08:50:00Z,53.8,99.13,309.4
CELL-MEL-02-2-2,2025-06-21T08:55:00Z,54.1,99.76,354.2
CELL-MEL-02-2-2,2025-06-21T09:00:00Z,43.7,99.37,331.6
CELL-MEL-02-2-2,2025-06-21T09:05:00Z,53.7,99.0,225.9
CELL-MEL-02-2-2,2025-06-21T09:10:00Z,43.4,99.38,238.9
CELL-MEL-02-2-2,2025-06-21T09:15:00Z,45.9,98.81,357.8
CELL-MEL-02-2-2,2025-06-21T09:20:00Z,48.6,99.02,304.8
CELL-MEL-02-2-2,2025-06-21T09:25:00Z,50.9,98.52,207.8
CELL-MEL-02-2-2,2025-06-21T09:30:00Z,48.2,99.43,188.8
CELL-MEL-02-2-2,2025-06-21T09:35:00Z,43.6,98.95,357.7
CELL-MEL-02-2-2,2025-06-21T09:40:00Z,49.1,99.21,195.5
CELL-MEL-02-2-2,2025-06-21T09:45:00Z,52.4,98.64,265.5
CELL-MEL-02-2-2,2025-06-21T09:50:00Z,52.2,99.67,286.7
CELL-MEL-02-2-2,2025-06-21T09:55:00Z,45.7,98.88,257.4
CELL-MEL-02-2-3,2025-06-21T08:00:00Z,58.5,99.74,307.2
CELL-MEL-02-2-3,2025-06-21T08:05:00Z,61.5,99.27,217.4
CELL-MEL-02-2-3,2025-06-21T08:10:00Z,65.0,99.13,302.5
CELL-MEL-02-2-3,2025-06-21T08:15:00Z,58.0,98.65,342.6
CELL-MEL-02-2-3,2025-06-21T08:20:00Z,63.1,99.53,237.0
CELL-MEL-02-2-3,2025-06-21T08:25:00Z,56.3,98.71,349.1
CELL-MEL-02-2-3,2025-06-21T08:30:00Z,60.2,99.58,334.8
CELL-MEL-02-2-3,2025-06-21T08:35:00Z,63.5,99.77,185.0
CELL-MEL-02-2-3,2025-06-21T08:40:00Z,55.1,99.1,312.9
CELL-MEL-02-2-3,2025-06-21T08:45:00Z,56.5,99.83,344.5
CELL-MEL-02-2-3,2025-06-21T08:50:00Z,64.7,98.58,341.1
CELL-MEL-02-2-3,2025-06-21T08:55:00Z,64.6,98.7,355.2
CELL-MEL-02-2-3,2025-06-21T09:00:00Z,66.2,99.26,306.9
CELL-MEL-02-2-3,2025-06-21T09:05:00Z,60.6,99.59,207.4
CELL-MEL-02-2-3,2025-06-21T09:10:00Z,56.1,98.75,316.5
CELL-MEL-02-2-3,2025-06-21T09:15:00Z,59.5,99.22,224.6
CELL-MEL-02-2-3,2025-06-21T09:20:00Z,58.3,99.32,203.2
CELL-MEL-02-2-3,2025-06-21T09:25:00Z,65.4,99.45,192.5
CELL-MEL-02-2-3,2025-06-21T09:30:00Z,57.5,98.91,188.3
CELL-MEL-02-2-3,2025-06-21T09:35:00Z,55.7,99.05,273.6
CELL-MEL-02-2-3,2025-06-21T09:40:00Z,56.3,98.68,298.8
CELL-MEL-02-2-3,2025-06-21T09:45:00Z,59.9,99.15,311.9
CELL-MEL-02-2-3,2025-06-21T09:50:00Z,56.1,98.53,228.3
CELL-MEL-02-2-3,2025-06-21T09:55:00Z,55.2,99.07,325.9
CELL-BNE-01-1-1,2025-06-21T08:00:00Z,53.0,98.97,286.9
CELL-BNE-01-1-1,2025-06-21T08:05:00Z,58.5,98.83,188.0
CELL-BNE-01-1-1,2025-06-21T08:10:00Z,63.9,98.82,264.9
CELL-BNE-01-1-1,2025-06-21T08:15:00Z,52.9,98.99,217.2
CELL-BNE-01-1-1,2025-06-21T08:20:00Z,56.3,99.55,202.2
CELL-BNE-01-1-1,2025-06-21T08:25:00Z,55.4,98.62,223.5
CELL-BNE-01-1-1,2025-06-21T08:30:00Z,53.8,98.96,304.5
CELL-BNE-01-1-1,2025-06-21T08:35:00Z,60.4,98.89,318.4
CELL-BNE-01-1-1,2025-06-21T08:40:00Z,87.0,97.02,173.3
CELL-BNE-01-1-1,2025-06-21T08:45:00Z,91.3,95.27,156.9
CELL-BNE-01-1-1,2025-06-21T08:50:00Z,93.1,95.19,120.7
CELL-BNE-01-1-1,2025-06-21T08:55:00Z,93.0,93.95,111.3
CELL-BNE-01-1-1,2025-06-21T09:00:00Z,95.0,94.74,107.0
CELL-BNE-01-1-1,2025-06-21T09:05:00Z,94.0,93.95,118.5
CELL-BNE-01-1-1,2025-06-21T09:10:00Z,94.0,93.61,117.6
CELL-BNE-01-1-1,2025-06-21T09:15:00Z,95.0,93.85,116.2
CELL-BNE-01-1-1,2025-06-21T09:20:00Z,93.2,93.29,104.1
CELL-BNE-01-1-1,2025-06-21T09:25:00Z,57.7,98.81,265.0
CELL-BNE-01-1-1,2025-06-21T09:30:00Z,53.2,99.35,297.8
CELL-BNE-01-1-1,2025-06-21T09:35:00Z,63.1,99.56,341.5
CELL-BNE-01-1-1,2025-06-21T09:40:00Z,59.2,99.79,347.7
CELL-BNE-01-1-1,2025-06-21T09:45:00Z,61.2,99.03,298.3
CELL-BNE-01-1-1,2025-06-21T09:50:00Z,58.5,99.55,187.4
CELL-BNE-01-1-1,2025-06-21T09:55:00Z,63.6,98.93,267.3
CELL-BNE-01-1-2,2025-06-21T08:00:00Z,48.8,99.33,221.5
CELL-BNE-01-1-2,2025-06-21T08:05:00Z,56.7,99.65,218.3
CELL-BNE-01-1-2,2025-06-21T08:10:00Z,54.4,99.72,347.0
CELL-BNE-01-1-2,2025-06-21T08:15:00Z,56.4,99.17,331.0
CELL-BNE-01-1-2,2025-06-21T08:20:00Z,56.7,99.49,339.6
CELL-BNE-01-1-2,2025-06-21T08:25:00Z,52.6,99.38,356.7
CELL-BNE-01-1-2,2025-06-21T08:30:00Z,53.7,99.81,286.6
CELL-BNE-01-1-2,2025-06-21T08:35:00Z,52.0,98.65,184.7
CELL-BNE-01-1-2,2025-06-21T08:40:00Z,87.0,96.02,163.6
CELL-BNE-01-1-2,2025-06-21T08:45:00Z,89.9,95.04,144.3
CELL-BNE-01-1-2,2025-06-21T08:50:00Z,92.7,93.94,129.9
CELL-BNE-01-1-2,2025-06-21T08:55:00Z,94.3,93.72,118.4
CELL-BNE-01-1-2,2025-06-21T09:00:00Z,93.8,93.44,104.7
CELL-BNE-01-1-2,2025-06-21T09:05:00Z,94.0,93.79,109.5
CELL-BNE-01-1-2,2025-06-21T09:10:00Z,93.0,94.3,110.7
CELL-BNE-01-1-2,2025-06-21T09:15:00Z,94.4,93.09,109.7
CELL-BNE-01-1-2,2025-06-21T09:20:00Z,94.1,94.53,104.1
CELL-BNE-01-1-2,2025-06-21T09:25:00Z,46.0,99.69,345.6
CELL-BNE-01-1-2,2025-06-21T09:30:00Z,53.5,99.3,303.7
CELL-BNE-01-1-2,2025-06-21T09:35:00Z,48.5,98.86,255.6
CELL-BNE-01-1-2,2025-06-21T09:40:00Z,48.2,98.76,333.1
CELL-BNE-01-1-2,2025-06-21T09:45:00Z,47.9,99.74,228.1
CELL-BNE-01-1-2,2025-06-21T09:50:00Z,54.2,99.53,308.9
CELL-BNE-01-1-2,2025-06-21T09:55:00Z,53.1,98.65,259.4
CELL-BNE-01-1-3,2025-06-21T08:00:00Z,49.9,99.08,329.1
CELL-BNE-01-1-3,2025-06-21T08:05:00Z,55.0,98.82,340.4
CELL-BNE-01-1-3,2025-06-21T08:10:00Z,46.3,99.2,355.6
CELL-BNE-01-1-3,2025-06-21T08:15:00Z,48.1,98.5,275.2
CELL-BNE-01-1-3,2025-06-21T08:20:00Z,54.3,99.01,308.5
CELL-BNE-01-1-3,2025-06-21T08:25:00Z,47.1,99.79,251.2
CELL-BNE-01-1-3,2025-06-21T08:30:00Z,52.9,99.67,324.7
CELL-BNE-01-1-3,2025-06-21T08:35:00Z,50.8,98.87,351.1
CELL-BNE-01-1-3,2025-06-21T08:40:00Z,88.6,96.85,168.8
CELL-BNE-01-1-3,2025-06-21T08:45:00Z,90.9,95.96,152.5
CELL-BNE-01-1-3,2025-06-21T08:50:00Z,92.0,94.68,135.9
CELL-BNE-01-1-3,2025-06-21T08:55:00Z,92.9,93.73,105.6
CELL-BNE-01-1-3,2025-06-21T09:00:00Z,93.7,93.62,110.2
CELL-BNE-01-1-3,2025-06-21T09:05:00Z,94.6,94.32,110.0
CELL-BNE-01-1-3,2025-06-21T09:10:00Z,95.4,93.21,100.4
CELL-BNE-01-1-3,2025-06-21T09:15:00Z,94.3,93.21,111.4
CELL-BNE-01-1-3,2025-06-21T09:20:00Z,93.2,93.81,113.8
CELL-BNE-01-1-3,2025-06-21T09:25:00Z,51.8,98.71,224.3
CELL-BNE-01-1-3,2025-06-21T09:30:00Z,54.3,98.85,275.2
CELL-BNE-01-1-3,2025-06-21T09:35:00Z,49.0,98.91,210.6
CELL-BNE-01-1-3,2025-06-21T09:40:00Z,52.5,98.6,324.3
CELL-BNE-01-1-3,2025-06-21T09:45:00Z,52.1,98.95,186.0
CELL-BNE-01-1-3,2025-06-21T09:50:00Z,47.0,98.81,282.6
CELL-BNE-01-1-3,2025-06-21T09:55:00Z,45.8,99.59,214.3
CELL-BNE-01-2-1,2025-06-21T08:00:00Z,43.8,98.95,193.3
CELL-BNE-01-2-1,2025-06-21T08:05:00Z,45.0,98.78,185.3
CELL-BNE-01-2-1,2025-06-21T08:10:00Z,41.1,98.7,284.1
CELL-BNE-01-2-1,2025-06-21T08:15:00Z,40.6,99.36,233.6
CELL-BNE-01-2-1,2025-06-21T08:20:00Z,40.9,98.57,245.3
CELL-BNE-01-2-1,2025-06-21T08:25:00Z,42.5,99.41,307.0
CELL-BNE-01-2-1,2025-06-21T08:30:00Z,48.0,99.01,344.7
CELL-BNE-01-2-1,2025-06-21T08:35:00Z,43.1,99.03,290.6
CELL-BNE-01-2-1,2025-06-21T08:40:00Z,40.9,99.16,259.7
CELL-BNE-01-2-1,2025-06-21T08:45:00Z,41.5,99.73,230.2
CELL-BNE-01-2-1,2025-06-21T08:50:00Z,39.2,99.13,237.9
CELL-BNE-01-2-1,2025-06-21T08:55:00Z,40.4,99.36,216.8
CELL-BNE-01-2-1,2025-06-21T09:00:00Z,45.7,98.53,192.5
CELL-BNE-01-2-1,2025-06-21T09:05:00Z,44.9,98.82,358.7
CELL-BNE-01-2-1,2025-06-21T09:10:00Z,39.4,98.66,214.1
CELL-BNE-01-2-1,2025-06-21T09:15:00Z,48.7,99.61,268.6
CELL-BNE-01-2-1,2025-06-21T09:20:00Z,49.9,98.51,345.3
CELL-BNE-01-2-1,2025-06-21T09:25:00Z,38.9,99.87,243.5
CELL-BNE-01-2-1,2025-06-21T09:30:00Z,41.0,99.75,206.6
CELL-BNE-01-2-1,2025-06-21T09:35:00Z,49.9,98.54,342.1
CELL-BNE-01-2-1,2025-06-21T09:40:00Z,43.4,99.75,294.2
CELL-BNE-01-2-1,2025-06-21T09:45:00Z,38.5,99.64,208.8
CELL-BNE-01-2-1,2025-06-21T09:50:00Z,46.1,99.26,355.8
CELL-BNE-01-2-1,2025-06-21T09:55:00Z,42.2,99.86,205.5
CELL-BNE-01-2-2,2025-06-21T08:00:00Z,57.9,99.13,312.3
CELL-BNE-01-2-2,2025-06-21T08:05:00Z,46.8,99.16,313.0
CELL-BNE-01-2-2,2025-06-21T08:10:00Z,55.6,98.96,204.2
CELL-BNE-01-2-2,2025-06-21T08:15:00Z,58.6,99.24,289.8
CELL-BNE-01-2-2,2025-06-21T08:20:00Z,54.3,98.67,324.2
CELL-BNE-01-2-2,2025-06-21T08:25:00Z,53.1,98.56,298.3
CELL-BNE-01-2-2,2025-06-21T08:30:00Z,56.8,99.57,330.4
CELL-BNE-01-2-2,2025-06-21T08:35:00Z,52.7,98.93,285.5
CELL-BNE-01-2-2,2025-06-21T08:40:00Z,53.5,98.56,240.0
CELL-BNE-01-2-2,2025-06-21T08:45:00Z,49.3,99.82,302.2
CELL-BNE-01-2-2,2025-06-21T08:50:00Z,47.9,98.9,348.7
CELL-BNE-01-2-2,2025-06-21T08:55:00Z,58.2,98.93,346.0
CELL-BNE-01-2-2,2025-06-21T09:00:00Z,52.0,98.63,340.5
CELL-BNE-01-2-2,2025-06-21T09:05:00Z,56.1,99.33,307.8
CELL-BNE-01-2-2,2025-06-21T09:10:00Z,53.9,98.65,291.9
CELL-BNE-01-2-2,2025-06-21T09:15:00Z,52.4,99.71,357.4
CELL-BNE-01-2-2,2025-06-21T09:20:00Z,52.3,99.56,187.3
CELL-BNE-01-2-2,2025-06-21T09:25:00Z,55.4,99.53,292.0
CELL-BNE-01-2-2,2025-06-21T09:30:00Z,55.4,98.78,280.9
CELL-BNE-01-2-2,2025-06-21T09:35:00Z,54.8,99.25,290.9
CELL-BNE-01-2-2,2025-06-21T09:40:00Z,58.3,99.63,238.3
CELL-BNE-01-2-2,2025-06-21T09:45:00Z,51.8,99.11,345.4
CELL-BNE-01-2-2,2025-06-21T09:50:00Z,54.6,99.38,212.7
CELL-BNE-01-2-2,2025-06-21T09:55:00Z,51.9,99.1,293.0
CELL-BNE-01-2-3,2025-06-21T08:00:00Z,43.9,98.54,220.9
CELL-BNE-01-2-3,2025-06-21T08:05:00Z,42.9,99.36,275.4
CELL-BNE-01-2-3,2025-06-21T08:10:00Z,42.6,99.11,285.9
CELL-BNE-01-2-3,2025-06-21T08:15:00Z,49.5,98.64,201.7
CELL-BNE-01-2-3,2025-06-21T08:20:00Z,44.4,98.95,202.0
CELL-BNE-01-2-3,2025-06-21T08:25:00Z,46.4,99.51,208.6
CELL-BNE-01-2-3,2025-06-21T08:30:00Z,39.9,99.67,270.0
CELL-BNE-01-2-3,2025-06-21T08:35:00Z,44.7,99.7,358.9
CELL-BNE-01-2-3,2025-06-21T08:40:00Z,39.6,98.52,295.9
CELL-BNE-01-2-3,2025-06-21T08:45:00Z,46.0,98.65,272.7
CELL-BNE-01-2-3,2025-06-21T08:50:00Z,48.3,99.0,304.5
CELL-BNE-01-2-3,2025-06-21T08:55:00Z,48.0,98.61,200.2
CELL-BNE-01-2-3,2025-06-21T09:00:00Z,47.7,99.8,354.6
CELL-BNE-01-2-3,2025-06-21T09:05:00Z,50.3,98.63,298.5
CELL-BNE-01-2-3,2025-06-21T09:10:00Z,43.5,98.73,184.8
CELL-BNE-01-2-3,2025-06-21T09:15:00Z,49.7,99.74,326.6
CELL-BNE-01-2-3,2025-06-21T09:20:00Z,43.7,99.15,209.7
CELL-BNE-01-2-3,2025-06-21T09:25:00Z,41.7,99.46,257.4
CELL-BNE-01-2-3,2025-06-21T09:30:00Z,45.4,99.8,243.4
CELL-BNE-01-2-3,2025-06-21T09:35:00Z,41.8,99.16,273.2
CELL-BNE-01-2-3,2025-06-21T09:40:00Z,49.6,99.35,275.6
CELL-BNE-01-2-3,2025-06-21T09:45:00Z,40.6,98.57,288.4
CELL-BNE-01-2-3,2025-06-21T09:50:00Z,45.2,99.63,221.5
CELL-BNE-01-2-3,2025-06-21T09:55:00Z,39.3,99.08,315.1
CELL-BNE-02-1-1,2025-06-21T08:00:00Z,54.5,99.73,209.4
CELL-BNE-02-1-1,2025-06-21T08:05:00Z,53.8,99.83,293.2
CELL-BNE-02-1-1,2025-06-21T08:10:00Z,52.6,98.86,203.7
CELL-BNE-02-1-1,2025-06-21T08:15:00Z,48.0,99.36,262.4
CELL-BNE-02-1-1,2025-06-21T08:20:00Z,43.7,99.33,190.4
CELL-BNE-02-1-1,2025-06-21T08:25:00Z,51.3,98.55,301.5
CELL-BNE-02-1-1,2025-06-21T08:30:00Z,52.5,99.04,286.6
CELL-BNE-02-1-1,2025-06-21T08:35:00Z,43.5,98.76,220.7
CELL-BNE-02-1-1,2025-06-21T08:40:00Z,43.1,99.4,249.3
CELL-BNE-02-1-1,2025-06-21T08:45:00Z,44.4,99.39,344.3
CELL-BNE-02-1-1,2025-06-21T08:50:00Z,49.0,98.83,287.1
CELL-BNE-02-1-1,2025-06-21T08:55:00Z,43.1,98.87,199.1
CELL-BNE-02-1-1,2025-06-21T09:00:00Z,53.0,99.4,180.1
CELL-BNE-02-1-1,2025-06-21T09:05:00Z,48.8,99.77,281.5
CELL-BNE-02-1-1,2025-06-21T09:10:00Z,53.1,99.44,289.8
CELL-BNE-02-1-1,2025-06-21T09:15:00Z,43.9,98.8,192.1
CELL-BNE-02-1-1,2025-06-21T09:20:00Z,48.7,99.88,313.0
CELL-BNE-02-1-1,2025-06-21T09:25:00Z,44.6,98.78,323.0
CELL-BNE-02-1-1,2025-06-21T09:30:00Z,47.3,98.77,300.3
CELL-BNE-02-1-1,2025-06-21T09:35:00Z,50.2,99.29,339.5
CELL-BNE-02-1-1,2025-06-21T09:40:00Z,51.3,99.44,183.3
CELL-BNE-02-1-1,2025-06-21T09:45:00Z,51.3,99.68,356.4
CELL-BNE-02-1-1,2025-06-21T09:50:00Z,43.5,99.47,354.5
CELL-BNE-02-1-1,2025-06-21T09:55:00Z,45.3,98.86,286.8
CELL-BNE-02-1-2,2025-06-21T08:00:00Z,49.3,99.07,308.9
CELL-BNE-02-1-2,2025-06-21T08:05:00Z,57.8,99.78,232.9
CELL-BNE-02-1-2,2025-06-21T08:10:00Z,55.6,99.18,302.4
CELL-BNE-02-1-2,2025-06-21T08:15:00Z,59.0,99.54,268.5
CELL-BNE-02-1-2,2025-06-21T08:20:00Z,52.7,99.4,266.8
CELL-BNE-02-1-2,2025-06-21T08:25:00Z,51.1,99.49,208.5
CELL-BNE-02-1-2,2025-06-21T08:30:00Z,51.2,99.24,205.4
CELL-BNE-02-1-2,2025-06-21T08:35:00Z,56.6,99.59,207.1
CELL-BNE-02-1-2,2025-06-21T08:40:00Z,48.9,99.4,189.6
CELL-BNE-02-1-2,2025-06-21T08:45:00Z,59.8,98.97,345.8
CELL-BNE-02-1-2,2025-06-21T08:50:00Z,57.4,99.63,327.6
CELL-BNE-02-1-2,2025-06-21T08:55:00Z,50.9,99.3,191.9
CELL-BNE-02-1-2,2025-06-21T09:00:00Z,90.8,98.06,205.9
CELL-BNE-02-1-2,2025-06-21T09:05:00Z,92.3,98.54,172.6
CELL-BNE-02-1-2,2025-06-21T09:10:00Z,95.3,99.43,150.1
CELL-BNE-02-1-2,2025-06-21T09:15:00Z,96.0,99.11,139.4
CELL-BNE-02-1-2,2025-06-21T09:20:00Z,96.3,98.86,157.1
CELL-BNE-02-1-2,2025-06-21T09:25:00Z,94.8,98.5,144.1
CELL-BNE-02-1-2,2025-06-21T09:30:00Z,95.9,98.81,163.0
CELL-BNE-02-1-2,2025-06-21T09:35:00Z,97.1,98.28,158.5
CELL-BNE-02-1-2,2025-06-21T09:40:00Z,96.4,99.02,139.1
CELL-BNE-02-1-2,2025-06-21T09:45:00Z,95.0,98.5,161.0
CELL-BNE-02-1-2,2025-06-21T09:50:00Z,95.9,98.2,154.0
CELL-BNE-02-1-2,2025-06-21T09:55:00Z,50.5,99.83,259.7
CELL-BNE-02-1-3,2025-06-21T08:00:00Z,52.1,99.41,277.0
CELL-BNE-02-1-3,2025-06-21T08:05:00Z,52.1,99.31,318.4
CELL-BNE-02-1-3,2025-06-21T08:10:00Z,47.2,99.26,326.3
CELL-BNE-02-1-3,2025-06-21T08:15:00Z,47.4,98.72,181.2
CELL-BNE-02-1-3,2025-06-21T08:20:00Z,54.4,98.78,247.2
CELL-BNE-02-1-3,2025-06-21T08:25:00Z,56.1,99.45,353.5
CELL-BNE-02-1-3,2025-06-21T08:30:00Z,51.7,98.64,282.0
CELL-BNE-02-1-3,2025-06-21T08:35:00Z,53.6,98.57,231.4
CELL-BNE-02-1-3,2025-06-21T08:40:00Z,47.2,99.78,259.9
CELL-BNE-02-1-3,2025-06-21T08:45:00Z,44.9,99.24,188.6
CELL-BNE-02-1-3,2025-06-21T08:50:00Z,44.5,99.15,296.0
CELL-BNE-02-1-3,2025-06-21T08:55:00Z,55.6,99.32,313.8
CELL-BNE-02-1-3,2025-06-21T09:00:00Z,56.0,98.75,191.0
CELL-BNE-02-1-3,2025-06-21T09:05:00Z,51.2,98.73,287.2
CELL-BNE-02-1-3,2025-06-21T09:10:00Z,52.0,98.69,212.3
CELL-BNE-02-1-3,2025-06-21T09:15:00Z,45.4,99.85,336.7
CELL-BNE-02-1-3,2025-06-21T09:20:00Z,51.4,98.98,350.9
CELL-BNE-02-1-3,2025-06-21T09:25:00Z,47.8,98.6,183.1
CELL-BNE-02-1-3,2025-06-21T09:30:00Z,52.8,99.64,190.1
CELL-BNE-02-1-3,2025-06-21T09:35:00Z,55.6,99.26,341.5
CELL-BNE-02-1-3,2025-06-21T09:40:00Z,50.2,99.63,288.0
CELL-BNE-02-1-3,2025-06-21T09:45:00Z,52.3,98.61,217.3
CELL-BNE-02-1-3,2025-06-21T09:50:00Z,45.0,99.84,259.9
CELL-BNE-02-1-3,2025-06-21T09:55:00Z,49.9,98.61,211.3
CELL-BNE-02-2-1,2025-06-21T08:00:00Z,60.4,98.95,192.3
CELL-BNE-02-2-1,2025-06-21T08:05:00Z,56.1,99.48,316.0
CELL-BNE-02-2-1,2025-06-21T08:10:00Z,52.7,99.18,257.6
CELL-BNE-02-2-1,2025-06-21T08:15:00Z,57.0,98.93,211.2
CELL-BNE-02-2-1,2025-06-21T08:20:00Z,58.3,98.66,218.7
CELL-BNE-02-2-1,2025-06-21T08:25:00Z,54.5,98.66,333.3
CELL-BNE-02-2-1,2025-06-21T08:30:00Z,51.5,99.86,280.3
CELL-BNE-02-2-1,2025-06-21T08:35:00Z,51.6,98.69,209.5
CELL-BNE-02-2-1,2025-06-21T08:40:00Z,52.6,99.57,206.7
CELL-BNE-02-2-1,2025-06-21T08:45:00Z,59.9,98.62,246.2
CELL-BNE-02-2-1,2025-06-21T08:50:00Z,58.2,99.33,268.9
CELL-BNE-02-2-1,2025-06-21T08:55:00Z,54.3,99.02,268.9
CELL-BNE-02-2-1,2025-06-21T09:00:00Z,52.3,99.65,294.3
CELL-BNE-02-2-1,2025-06-21T09:05:00Z,59.9,98.68,311.2
CELL-BNE-02-2-1,2025-06-21T09:10:00Z,56.9,99.08,264.1
CELL-BNE-02-2-1,2025-06-21T09:15:00Z,60.9,99.3,294.7
CELL-BNE-02-2-1,2025-06-21T09:20:00Z,55.4,99.66,207.8
CELL-BNE-02-2-1,2025-06-21T09:25:00Z,59.7,99.46,188.3
CELL-BNE-02-2-1,2025-06-21T09:30:00Z,50.2,98.68,354.7
CELL-BNE-02-2-1,2025-06-21T09:35:00Z,60.4,98.95,187.3
CELL-BNE-02-2-1,2025-06-21T09:40:00Z,54.9,99.24,182.0
CELL-BNE-02-2-1,2025-06-21T09:45:00Z,61.7,99.49,300.3
CELL-BNE-02-2-1,2025-06-21T09:50:00Z,51.2,99.73,315.9
CELL-BNE-02-2-1,2025-06-21T09:55:00Z,50.8,99.67,299.0
CELL-BNE-02-2-2,2025-06-21T08:00:00Z,51.2,99.81,301.1
CELL-BNE-02-2-2,2025-06-21T08:05:00Z,55.4,99.81,295.4
CELL-BNE-02-2-2,2025-06-21T08:10:00Z,54.8,99.56,189.4
CELL-BNE-02-2-2,2025-06-21T08:15:00Z,51.5,99.77,322.7
CELL-BNE-02-2-2,2025-06-21T08:20:00Z,58.9,99.01,341.5
CELL-BNE-02-2-2,2025-06-21T08:25:00Z,49.9,99.28,217.9
CELL-BNE-02-2-2,2025-06-21T08:30:00Z,61.5,98.66,313.2
CELL-BNE-02-2-2,2025-06-21T08:35:00Z,54.5,98.65,348.2
CELL-BNE-02-2-2,2025-06-21T08:40:00Z,51.5,99.81,349.8
CELL-BNE-02-2-2,2025-06-21T08:45:00Z,59.9,99.86,185.1
CELL-BNE-02-2-2,2025-06-21T08:50:00Z,59.3,98.86,211.9
CELL-BNE-02-2-2,2025-06-21T08:55:00Z,52.4,99.15,280.7
CELL-BNE-02-2-2,2025-06-21T09:00:00Z,60.6,99.76,235.4
CELL-BNE-02-2-2,2025-06-21T09:05:00Z,50.3,98.75,350.2
CELL-BNE-02-2-2,2025-06-21T09:10:00Z,58.2,99.18,263.9
CELL-BNE-02-2-2,2025-06-21T09:15:00Z,53.1,99.39,299.0
CELL-BNE-02-2-2,2025-06-21T09:20:00Z,51.1,98.52,325.5
CELL-BNE-02-2-2,2025-06-21T09:25:00Z,58.8,98.89,334.9
CELL-BNE-02-2-2,2025-06-21T09:30:00Z,61.5,99.05,198.0
CELL-BNE-02-2-2,2025-06-21T09:35:00Z,61.7,99.04,322.3
CELL-BNE-02-2-2,2025-06-21T09:40:00Z,51.6,99.48,251.1
CELL-BNE-02-2-2,2025-06-21T09:45:00Z,54.1,98.57,290.9
CELL-BNE-02-2-2,2025-06-21T09:50:00Z,58.9,99.36,358.3
CELL-BNE-02-2-2,2025-06-21T09:55:00Z,58.3,98.6,354.0
CELL-BNE-02-2-3,2025-06-21T08:00:00Z,39.5,99.79,214.5
CELL-BNE-02-2-3,2025-06-21T08:05:00Z,40.3,99.54,293.4
CELL-BNE-02-2-3,2025-06-21T08:10:00Z,48.1,99.04,311.7
CELL-BNE-02-2-3,2025-06-21T08:15:00Z,47.3,99.01,301.8
CELL-BNE-02-2-3,2025-06-21T08:20:00Z,49.0,99.65,310.1
CELL-BNE-02-2-3,2025-06-21T08:25:00Z,48.7,99.73,327.9
CELL-BNE-02-2-3,2025-06-21T08:30:00Z,39.5,98.92,246.2
CELL-BNE-02-2-3,2025-06-21T08:35:00Z,47.2,98.92,342.1
CELL-BNE-02-2-3,2025-06-21T08:40:00Z,39.2,99.47,300.2
CELL-BNE-02-2-3,2025-06-21T08:45:00Z,43.1,98.7,329.8
CELL-BNE-02-2-3,2025-06-21T08:50:00Z,43.8,98.61,226.2
CELL-BNE-02-2-3,2025-06-21T08:55:00Z,49.7,98.84,288.2
CELL-BNE-02-2-3,2025-06-21T09:00:00Z,46.8,99.09,279.7
CELL-BNE-02-2-3,2025-06-21T09:05:00Z,48.6,98.7,182.9
CELL-BNE-02-2-3,2025-06-21T09:10:00Z,48.4,98.76,325.7
CELL-BNE-02-2-3,2025-06-21T09:15:00Z,48.8,99.54,248.8
CELL-BNE-02-2-3,2025-06-21T09:20:00Z,44.9,99.52,263.0
CELL-BNE-02-2-3,2025-06-21T09:25:00Z,44.1,99.11,355.7
CELL-BNE-02-2-3,2025-06-21T09:30:00Z,47.6,99.73,224.3
CELL-BNE-02-2-3,2025-06-21T09:35:00Z,45.2,98.69,203.1
CELL-BNE-02-2-3,2025-06-21T09:40:00Z,45.2,99.07,198.1
CELL-BNE-02-2-3,2025-06-21T09:45:00Z,42.1,99.63,187.8
CELL-BNE-02-2-3,2025-06-21T09:50:00Z,39.8,99.6,326.0
CELL-BNE-02-2-3,2025-06-21T09:55:00Z,40.2,98.69,315.0
CELL-PER-01-1-1,2025-06-21T08:00:00Z,57.3,99.26,312.1
CELL-PER-01-1-1,2025-06-21T08:05:00Z,64.9,99.77,189.4
CELL-PER-01-1-1,2025-06-21T08:10:00Z,54.9,99.6,199.0
CELL-PER-01-1-1,2025-06-21T08:15:00Z,60.8,99.12,274.2
CELL-PER-01-1-1,2025-06-21T08:20:00Z,58.6,98.99,226.5
CELL-PER-01-1-1,2025-06-21T08:25:00Z,56.3,98.64,351.0
CELL-PER-01-1-1,2025-06-21T08:30:00Z,60.8,99.43,290.8
CELL-PER-01-1-1,2025-06-21T08:35:00Z,55.0,99.48,206.9
CELL-PER-01-1-1,2025-06-21T08:40:00Z,53.9,98.58,340.0
CELL-PER-01-1-1,2025-06-21T08:45:00Z,61.4,99.71,298.5
CELL-PER-01-1-1,2025-06-21T08:50:00Z,63.0,98.67,330.4
CELL-PER-01-1-1,2025-06-21T08:55:00Z,60.5,99.59,314.3
CELL-PER-01-1-1,2025-06-21T09:00:00Z,57.2,98.83,223.9
CELL-PER-01-1-1,2025-06-21T09:05:00Z,64.4,99.82,185.0
CELL-PER-01-1-1,2025-06-21T09:10:00Z,59.8,98.72,252.3
CELL-PER-01-1-1,2025-06-21T09:15:00Z,55.2,99.83,348.6
CELL-PER-01-1-1,2025-06-21T09:20:00Z,64.5,99.19,246.5
CELL-PER-01-1-1,2025-06-21T09:25:00Z,54.7,99.79,269.3
CELL-PER-01-1-1,2025-06-21T09:30:00Z,55.9,98.74,309.2
CELL-PER-01-1-1,2025-06-21T09:35:00Z,56.4,99.36,190.8
CELL-PER-01-1-1,2025-06-21T09:40:00Z,55.8,99.16,235.5
CELL-PER-01-1-1,2025-06-21T09:45:00Z,54.8,99.83,213.2
CELL-PER-01-1-1,2025-06-21T09:50:00Z,54.9,98.86,274.2
CELL-PER-01-1-1,2025-06-21T09:55:00Z,58.2,99.71,299.0
CELL-PER-01-1-2,2025-06-21T08:00:00Z,46.5,98.84,207.2
CELL-PER-01-1-2,2025-06-21T08:05:00Z,51.2,98.84,353.2
CELL-PER-01-1-2,2025-06-21T08:10:00Z,54.9,98.64,353.2
CELL-PER-01-1-2,2025-06-21T08:15:00Z,46.6,98.7,324.3
CELL-PER-01-1-2,2025-06-21T08:20:00Z,46.2,99.47,182.5
CELL-PER-01-1-2,2025-06-21T08:25:00Z,49.5,99.16,334.8
CELL-PER-01-1-2,2025-06-21T08:30:00Z,52.4,99.64,286.7
CELL-PER-01-1-2,2025-06-21T08:35:00Z,56.2,99.77,222.2
CELL-PER-01-1-2,2025-06-21T08:40:00Z,51.0,99.33,332.5
CELL-PER-01-1-2,2025-06-21T08:45:00Z,52.3,99.3,358.4
CELL-PER-01-1-2,2025-06-21T08:50:00Z,47.5,98.62,237.2
CELL-PER-01-1-2,2025-06-21T08:55:00Z,53.8,99.65,185.2
CELL-PER-01-1-2,2025-06-21T09:00:00Z,51.0,98.84,208.2
CELL-PER-01-1-2,2025-06-21T09:05:00Z,52.4,99.58,346.3
CELL-PER-01-1-2,2025-06-21T09:10:00Z,53.1,99.78,309.7
CELL-PER-01-1-2,2025-06-21T09:15:00Z,46.4,99.77,308.1
CELL-PER-01-1-2,2025-06-21T09:20:00Z,47.1,98.74,340.4
CELL-PER-01-1-2,2025-06-21T09:25:00Z,55.0,99.47,225.5
CELL-PER-01-1-2,2025-06-21T09:30:00Z,55.0,98.79,288.8
CELL-PER-01-1-2,2025-06-21T09:35:00Z,46.9,99.55,181.1
CELL-PER-01-1-2,2025-06-21T09:40:00Z,53.7,99.71,338.0
CELL-PER-01-1-2,2025-06-21T09:45:00Z,46.4,99.85,322.1
CELL-PER-01-1-2,2025-06-21T09:50:00Z,56.2,99.27,322.5
CELL-PER-01-1-2,2025-06-21T09:55:00Z,46.6,98.93,353.4
CELL-PER-01-1-3,2025-06-21T08:00:00Z,46.4,98.55,282.3
CELL-PER-01-1-3,2025-06-21T08:05:00Z,46.0,99.54,192.8
CELL-PER-01-1-3,2025-06-21T08:10:00Z,47.9,99.86,301.4
CELL-PER-01-1-3,2025-06-21T08:15:00Z,48.6,99.45,208.4
CELL-PER-01-1-3,2025-06-21T08:20:00Z,48.4,99.71,254.4
CELL-PER-01-1-3,2025-06-21T08:25:00Z,49.8,99.62,279.4
CELL-PER-01-1-3,2025-06-21T08:30:00Z,44.9,98.61,191.7
CELL-PER-01-1-3,2025-06-21T08:35:00Z,43.9,99.11,211.7
CELL-PER-01-1-3,2025-06-21T08:40:00Z,47.5,99.28,225.2
CELL-PER-01-1-3,2025-06-21T08:45:00Z,41.8,99.45,188.2
CELL-PER-01-1-3,2025-06-21T08:50:00Z,43.8,99.4,324.0
CELL-PER-01-1-3,2025-06-21T08:55:00Z,40.3,99.01,306.1
CELL-PER-01-1-3,2025-06-21T09:00:00Z,50.3,99.3,330.0
CELL-PER-01-1-3,2025-06-21T09:05:00Z,46.1,99.02,252.6
CELL-PER-01-1-3,2025-06-21T09:10:00Z,43.4,99.39,298.6
CELL-PER-01-1-3,2025-06-21T09:15:00Z,40.6,99.13,219.0
CELL-PER-01-1-3,2025-06-21T09:20:00Z,45.8,98.54,291.0
CELL-PER-01-1-3,2025-06-21T09:25:00Z,45.6,99.53,311.7
CELL-PER-01-1-3,2025-06-21T09:30:00Z,42.4,98.99,344.5
CELL-PER-01-1-3,2025-06-21T09:35:00Z,39.2,98.69,345.9
CELL-PER-01-1-3,2025-06-21T09:40:00Z,48.1,98.8,270.7
CELL-PER-01-1-3,2025-06-21T09:45:00Z,49.4,99.37,194.8
CELL-PER-01-1-3,2025-06-21T09:50:00Z,49.1,98.88,181.7
CELL-PER-01-1-3,2025-06-21T09:55:00Z,45.1,98.88,291.6
CELL-PER-01-2-1,2025-06-21T08:00:00Z,42.1,99.11,277.1
CELL-PER-01-2-1,2025-06-21T08:05:00Z,36.6,98.99,261.7
CELL-PER-01-2-1,2025-06-21T08:10:00Z,38.2,99.63,261.2
CELL-PER-01-2-1,2025-06-21T08:15:00Z,44.6,99.88,303.9
CELL-PER-01-2-1,2025-06-21T08:20:00Z,46.0,98.73,181.9
CELL-PER-01-2-1,2025-06-21T08:25:00Z,39.2,99.32,287.5
CELL-PER-01-2-1,2025-06-21T08:30:00Z,41.2,98.99,267.0
CELL-PER-01-2-1,2025-06-21T08:35:00Z,43.9,98.66,194.2
CELL-PER-01-2-1,2025-06-21T08:40:00Z,38.3,98.9,203.2
CELL-PER-01-2-1,2025-06-21T08:45:00Z,43.4,98.7,292.1
CELL-PER-01-2-1,2025-06-21T08:50:00Z,46.8,99.75,191.4
CELL-PER-01-2-1,2025-06-21T08:55:00Z,41.4,99.17,233.7
CELL-PER-01-2-1,2025-06-21T09:00:00Z,44.4,99.76,197.7
CELL-PER-01-2-1,2025-06-21T09:05:00Z,41.1,99.02,204.9
CELL-PER-01-2-1,2025-06-21T09:10:00Z,45.0,99.19,357.7
CELL-PER-01-2-1,2025-06-21T09:15:00Z,41.9,98.99,295.7
CELL-PER-01-2-1,2025-06-21T09:20:00Z,47.6,98.66,305.6
CELL-PER-01-2-1,2025-06-21T09:25:00Z,42.5,98.67,213.1
CELL-PER-01-2-1,2025-06-21T09:30:00Z,38.7,98.79,220.6
CELL-PER-01-2-1,2025-06-21T09:35:00Z,45.2,99.19,233.6
CELL-PER-01-2-1,2025-06-21T09:40:00Z,38.0,98.71,205.0
CELL-PER-01-2-1,2025-06-21T09:45:00Z,42.7,98.56,353.5
CELL-PER-01-2-1,2025-06-21T09:50:00Z,45.0,99.32,352.9
CELL-PER-01-2-1,2025-06-21T09:55:00Z,38.3,98.77,346.0
CELL-PER-01-2-2,2025-06-21T08:00:00Z,51.7,98.54,224.9
CELL-PER-01-2-2,2025-06-21T08:05:00Z,55.7,99.65,243.7
CELL-PER-01-2-2,2025-06-21T08:10:00Z,48.6,98.91,256.8
CELL-PER-01-2-2,2025-06-21T08:15:00Z,56.7,99.16,277.2
CELL-PER-01-2-2,2025-06-21T08:20:00Z,58.9,98.88,300.2
CELL-PER-01-2-2,2025-06-21T08:25:00Z,57.8,99.13,286.4
CELL-PER-01-2-2,2025-06-21T08:30:00Z,59.2,98.53,309.4
CELL-PER-01-2-2,2025-06-21T08:35:00Z,51.0,99.06,211.5
CELL-PER-01-2-2,2025-06-21T08:40:00Z,58.3,99.36,193.8
CELL-PER-01-2-2,2025-06-21T08:45:00Z,57.6,99.19,283.5
CELL-PER-01-2-2,2025-06-21T08:50:00Z,48.2,99.42,301.2
CELL-PER-01-2-2,2025-06-21T08:55:00Z,48.9,98.77,256.2
CELL-PER-01-2-2,2025-06-21T09:00:00Z,54.5,99.08,212.6
CELL-PER-01-2-2,2025-06-21T09:05:00Z,50.1,99.72,206.0
CELL-PER-01-2-2,2025-06-21T09:10:00Z,53.2,99.19,220.0
CELL-PER-01-2-2,2025-06-21T09:15:00Z,56.3,98.88,183.8
CELL-PER-01-2-2,2025-06-21T09:20:00Z,49.0,99.77,255.0
CELL-PER-01-2-2,2025-06-21T09:25:00Z,57.4,99.32,348.6
CELL-PER-01-2-2,2025-06-21T09:30:00Z,54.1,99.56,257.8
CELL-PER-01-2-2,2025-06-21T09:35:00Z,57.0,99.17,213.5
CELL-PER-01-2-2,2025-06-21T09:40:00Z,51.1,98.85,303.4
CELL-PER-01-2-2,2025-06-21T09:45:00Z,56.2,99.72,257.4
CELL-PER-01-2-2,2025-06-21T09:50:00Z,54.5,98.93,322.2
CELL-PER-01-2-2,2025-06-21T09:55:00Z,58.2,99.46,280.1
CELL-PER-01-2-3,2025-06-21T08:00:00Z,54.0,99.43,241.5
CELL-PER-01-2-3,2025-06-21T08:05:00Z,44.8,98.52,351.7
CELL-PER-01-2-3,2025-06-21T08:10:00Z,46.4,99.76,215.4
CELL-PER-01-2-3,2025-06-21T08:15:00Z,55.4,99.83,188.1
CELL-PER-01-2-3,2025-06-21T08:20:00Z,47.9,99.77,342.9
CELL-PER-01-2-3,2025-06-21T08:25:00Z,53.3,99.52,234.8
CELL-PER-01-2-3,2025-06-21T08:30:00Z,46.5,99.7,197.2
CELL-PER-01-2-3,2025-06-21T08:35:00Z,50.7,99.63,202.8
CELL-PER-01-2-3,2025-06-21T08:40:00Z,49.1,98.76,288.7
CELL-PER-01-2-3,2025-06-21T08:45:00Z,51.7,99.8,316.5
CELL-PER-01-2-3,2025-06-21T08:50:00Z,45.8,98.58,195.1
CELL-PER-01-2-3,2025-06-21T08:55:00Z,49.6,99.35,252.0
CELL-PER-01-2-3,2025-06-21T09:00:00Z,55.5,99.41,195.9
CELL-PER-01-2-3,2025-06-21T09:05:00Z,55.2,99.36,254.9
CELL-PER-01-2-3,2025-06-21T09:10:00Z,52.3,99.3,283.6
CELL-PER-01-2-3,2025-06-21T09:15:00Z,54.9,98.54,282.5
CELL-PER-01-2-3,2025-06-21T09:20:00Z,54.7,99.87,310.5
CELL-PER-01-2-3,2025-06-21T09:25:00Z,50.9,99.69,327.8
CELL-PER-01-2-3,2025-06-21T09:30:00Z,55.7,99.32,324.0
CELL-PER-01-2-3,2025-06-21T09:35:00Z,47.8,99.44,293.5
CELL-PER-01-2-3,2025-06-21T09:40:00Z,48.9,98.63,307.1
CELL-PER-01-2-3,2025-06-21T09:45:00Z,55.7,99.8,281.8
CELL-PER-01-2-3,2025-06-21T09:50:00Z,54.3,99.21,308.4
CELL-PER-01-2-3,2025-06-21T09:55:00Z,52.6,99.64,283.1
CELL-PER-02-1-1,2025-06-21T08:00:00Z,52.3,98.98,256.7
CELL-PER-02-1-1,2025-06-21T08:05:00Z,59.1,99.84,307.8
CELL-PER-02-1-1,2025-06-21T08:10:00Z,60.6,99.36,238.2
CELL-PER-02-1-1,2025-06-21T08:15:00Z,56.1,98.89,334.9
CELL-PER-02-1-1,2025-06-21T08:20:00Z,57.1,99.23,293.0
CELL-PER-02-1-1,2025-06-21T08:25:00Z,52.6,99.69,309.2
CELL-PER-02-1-1,2025-06-21T08:30:00Z,52.1,99.29,217.0
CELL-PER-02-1-1,2025-06-21T08:35:00Z,51.1,99.63,357.3
CELL-PER-02-1-1,2025-06-21T08:40:00Z,56.8,98.98,343.5
CELL-PER-02-1-1,2025-06-21T08:45:00Z,51.5,98.82,279.1
CELL-PER-02-1-1,2025-06-21T08:50:00Z,59.4,98.56,275.1
CELL-PER-02-1-1,2025-06-21T08:55:00Z,50.9,99.0,201.3
CELL-PER-02-1-1,2025-06-21T09:00:00Z,53.4,98.96,233.5
CELL-PER-02-1-1,2025-06-21T09:05:00Z,60.6,99.54,231.1
CELL-PER-02-1-1,2025-06-21T09:10:00Z,59.1,98.96,288.0
CELL-PER-02-1-1,2025-06-21T09:15:00Z,52.3,98.58,300.0
CELL-PER-02-1-1,2025-06-21T09:20:00Z,59.6,99.41,267.3
CELL-PER-02-1-1,2025-06-21T09:25:00Z,52.7,99.87,255.7
CELL-PER-02-1-1,2025-06-21T09:30:00Z,51.9,99.9,234.5
CELL-PER-02-1-1,2025-06-21T09:35:00Z,56.5,99.31,234.5
CELL-PER-02-1-1,2025-06-21T09:40:00Z,59.5,99.6,248.6
CELL-PER-02-1-1,2025-06-21T09:45:00Z,62.6,99.55,219.0
CELL-PER-02-1-1,2025-06-21T09:50:00Z,60.9,99.43,254.2
CELL-PER-02-1-1,2025-06-21T09:55:00Z,55.0,99.0,191.7
CELL-PER-02-1-2,2025-06-21T08:00:00Z,48.5,99.8,348.7
CELL-PER-02-1-2,2025-06-21T08:05:00Z,49.3,98.78,301.6
CELL-PER-02-1-2,2025-06-21T08:10:00Z,46.2,99.18,248.1
CELL-PER-02-1-2,2025-06-21T08:15:00Z,48.5,98.9,192.8
CELL-PER-02-1-2,2025-06-21T08:20:00Z,56.0,99.05,301.5
CELL-PER-02-1-2,2025-06-21T08:25:00Z,51.9,99.74,213.3
CELL-PER-02-1-2,2025-06-21T08:30:00Z,48.8,98.86,315.0
CELL-PER-02-1-2,2025-06-21T08:35:00Z,46.3,99.48,329.3
CELL-PER-02-1-2,2025-06-21T08:40:00Z,47.3,99.7,273.4
CELL-PER-02-1-2,2025-06-21T08:45:00Z,56.8,99.89,356.2
CELL-PER-02-1-2,2025-06-21T08:50:00Z,50.2,99.12,211.6
CELL-PER-02-1-2,2025-06-21T08:55:00Z,57.1,99.38,330.8
CELL-PER-02-1-2,2025-06-21T09:00:00Z,55.7,99.15,344.1
CELL-PER-02-1-2,2025-06-21T09:05:00Z,51.2,98.69,239.3
CELL-PER-02-1-2,2025-06-21T09:10:00Z,51.9,98.95,242.4
CELL-PER-02-1-2,2025-06-21T09:15:00Z,55.8,99.12,237.9
CELL-PER-02-1-2,2025-06-21T09:20:00Z,46.8,98.85,243.2
CELL-PER-02-1-2,2025-06-21T09:25:00Z,53.8,99.02,318.1
CELL-PER-02-1-2,2025-06-21T09:30:00Z,55.7,99.53,355.0
CELL-PER-02-1-2,2025-06-21T09:35:00Z,49.7,98.84,337.2
CELL-PER-02-1-2,2025-06-21T09:40:00Z,51.6,99.14,343.1
CELL-PER-02-1-2,2025-06-21T09:45:00Z,46.9,98.86,217.2
CELL-PER-02-1-2,2025-06-21T09:50:00Z,52.5,98.68,234.5
CELL-PER-02-1-2,2025-06-21T09:55:00Z,49.6,99.13,226.9
CELL-PER-02-1-3,2025-06-21T08:00:00Z,50.5,99.04,196.9
CELL-PER-02-1-3,2025-06-21T08:05:00Z,54.9,98.8,202.8
CELL-PER-02-1-3,2025-06-21T08:10:00Z,51.9,99.2,289.0
CELL-PER-02-1-3,2025-06-21T08:15:00Z,46.6,99.83,207.3
CELL-PER-02-1-3,2025-06-21T08:20:00Z,46.5,98.51,317.8
CELL-PER-02-1-3,2025-06-21T08:25:00Z,52.3,98.83,342.9
CELL-PER-02-1-3,2025-06-21T08:30:00Z,47.2,99.02,347.9
CELL-PER-02-1-3,2025-06-21T08:35:00Z,55.4,99.01,301.6
CELL-PER-02-1-3,2025-06-21T08:40:00Z,48.0,98.9,291.3
CELL-PER-02-1-3,2025-06-21T08:45:00Z,50.2,99.66,277.5
CELL-PER-02-1-3,2025-06-21T08:50:00Z,55.3,98.6,191.0
CELL-PER-02-1-3,2025-06-21T08:55:00Z,50.4,98.82,348.5
CELL-PER-02-1-3,2025-06-21T09:00:00Z,49.7,98.63,271.5
CELL-PER-02-1-3,2025-06-21T09:05:00Z,46.0,99.7,222.0
CELL-PER-02-1-3,2025-06-21T09:10:00Z,47.5,99.68,285.7
CELL-PER-02-1-3,2025-06-21T09:15:00Z,46.8,99.84,285.2
CELL-PER-02-1-3,2025-06-21T09:20:00Z,55.0,98.69,237.4
CELL-PER-02-1-3,2025-06-21T09:25:00Z,49.5,98.54,260.1
CELL-PER-02-1-3,2025-06-21T09:30:00Z,51.0,98.91,358.5
CELL-PER-02-1-3,2025-06-21T09:35:00Z,48.8,98.72,213.3
CELL-PER-02-1-3,2025-06-21T09:40:00Z,51.2,98.89,355.4
CELL-PER-02-1-3,2025-06-21T09:45:00Z,52.6,98.56,222.2
CELL-PER-02-1-3,2025-06-21T09:50:00Z,56.3,99.73,292.4
CELL-PER-02-1-3,2025-06-21T09:55:00Z,53.2,98.52,351.1
CELL-PER-02-2-1,2025-06-21T08:00:00Z,55.1,98.77,348.7
CELL-PER-02-2-1,2025-06-21T08:05:00Z,57.2,99.9,281.4
CELL-PER-02-2-1,2025-06-21T08:10:00Z,54.7,99.69,272.4
CELL-PER-02-2-1,2025-06-21T08:15:00Z,54.9,99.31,237.1
CELL-PER-02-2-1,2025-06-21T08:20:00Z,53.8,98.61,196.4
CELL-PER-02-2-1,2025-06-21T08:25:00Z,58.3,98.58,350.9
CELL-PER-02-2-1,2025-06-21T08:30:00Z,49.4,99.07,270.4
CELL-PER-02-2-1,2025-06-21T08:35:00Z,48.7,99.35,343.4
CELL-PER-02-2-1,2025-06-21T08:40:00Z,52.2,98.94,226.5
CELL-PER-02-2-1,2025-06-21T08:45:00Z,51.7,98.95,302.8
CELL-PER-02-2-1,2025-06-21T08:50:00Z,54.0,99.02,220.7
CELL-PER-02-2-1,2025-06-21T08:55:00Z,51.0,99.0,276.7
CELL-PER-02-2-1,2025-06-21T09:00:00Z,46.9,99.74,324.2
CELL-PER-02-2-1,2025-06-21T09:05:00Z,55.6,99.14,258.2
CELL-PER-02-2-1,2025-06-21T09:10:00Z,49.2,99.54,259.3
CELL-PER-02-2-1,2025-06-21T09:15:00Z,54.1,98.98,335.4
CELL-PER-02-2-1,2025-06-21T09:20:00Z,57.1,98.92,210.4
CELL-PER-02-2-1,2025-06-21T09:25:00Z,46.8,98.57,240.2
CELL-PER-02-2-1,2025-06-21T09:30:00Z,47.5,98.72,198.4
CELL-PER-02-2-1,2025-06-21T09:35:00Z,51.9,99.54,210.8
CELL-PER-02-2-1,2025-06-21T09:40:00Z,54.5,99.61,224.9
CELL-PER-02-2-1,2025-06-21T09:45:00Z,49.1,99.85,311.0
CELL-PER-02-2-1,2025-06-21T09:50:00Z,48.0,99.58,320.5
CELL-PER-02-2-1,2025-06-21T09:55:00Z,57.9,98.93,181.0
CELL-PER-02-2-2,2025-06-21T08:00:00Z,47.2,99.11,238.8
CELL-PER-02-2-2,2025-06-21T08:05:00Z,43.2,98.59,291.1
CELL-PER-02-2-2,2025-06-21T08:10:00Z,44.4,98.91,305.3
CELL-PER-02-2-2,2025-06-21T08:15:00Z,48.4,99.69,331.3
CELL-PER-02-2-2,2025-06-21T08:20:00Z,48.6,99.71,209.5
CELL-PER-02-2-2,2025-06-21T08:25:00Z,39.5,98.73,313.9
CELL-PER-02-2-2,2025-06-21T08:30:00Z,41.2,98.83,259.0
CELL-PER-02-2-2,2025-06-21T08:35:00Z,49.1,98.54,229.2
CELL-PER-02-2-2,2025-06-21T08:40:00Z,43.9,99.18,277.4
CELL-PER-02-2-2,2025-06-21T08:45:00Z,40.9,98.66,327.2
CELL-PER-02-2-2,2025-06-21T08:50:00Z,47.2,98.87,219.9
CELL-PER-02-2-2,2025-06-21T08:55:00Z,43.5,98.95,272.6
CELL-PER-02-2-2,2025-06-21T09:00:00Z,49.2,99.49,344.2
CELL-PER-02-2-2,2025-06-21T09:05:00Z,41.4,99.46,223.7
CELL-PER-02-2-2,2025-06-21T09:10:00Z,47.9,99.36,351.8
CELL-PER-02-2-2,2025-06-21T09:15:00Z,40.4,98.53,327.1
CELL-PER-02-2-2,2025-06-21T09:20:00Z,45.6,98.55,340.6
CELL-PER-02-2-2,2025-06-21T09:25:00Z,44.5,98.63,184.4
CELL-PER-02-2-2,2025-06-21T09:30:00Z,50.6,99.61,239.3
CELL-PER-02-2-2,2025-06-21T09:35:00Z,43.8,98.9,204.2
CELL-PER-02-2-2,2025-06-21T09:40:00Z,40.2,98.66,234.2
CELL-PER-02-2-2,2025-06-21T09:45:00Z,50.0,98.89,272.2
CELL-PER-02-2-2,2025-06-21T09:50:00Z,47.1,98.94,213.9
CELL-PER-02-2-2,2025-06-21T09:55:00Z,39.7,99.24,334.3
CELL-PER-02-2-3,2025-06-21T08:00:00Z,55.2,99.32,252.0
CELL-PER-02-2-3,2025-06-21T08:05:00Z,58.9,98.88,191.4
CELL-PER-02-2-3,2025-06-21T08:10:00Z,49.0,98.86,230.6
CELL-PER-02-2-3,2025-06-21T08:15:00Z,48.6,98.83,215.0
CELL-PER-02-2-3,2025-06-21T08:20:00Z,49.6,99.46,344.8
CELL-PER-02-2-3,2025-06-21T08:25:00Z,59.3,98.59,229.2
CELL-PER-02-2-3,2025-06-21T08:30:00Z,59.9,99.57,254.0
CELL-PER-02-2-3,2025-06-21T08:35:00Z,59.0,99.46,317.0
CELL-PER-02-2-3,2025-06-21T08:40:00Z,55.7,99.26,259.5
CELL-PER-02-2-3,2025-06-21T08:45:00Z,48.1,98.58,317.8
CELL-PER-02-2-3,2025-06-21T08:50:00Z,53.9,98.57,243.1
CELL-PER-02-2-3,2025-06-21T08:55:00Z,50.0,99.29,339.1
CELL-PER-02-2-3,2025-06-21T09:00:00Z,59.1,99.71,256.0
CELL-PER-02-2-3,2025-06-21T09:05:00Z,48.7,98.89,196.5
CELL-PER-02-2-3,2025-06-21T09:10:00Z,52.1,99.83,351.5
CELL-PER-02-2-3,2025-06-21T09:15:00Z,56.8,99.03,244.9
CELL-PER-02-2-3,2025-06-21T09:20:00Z,53.4,98.95,250.1
CELL-PER-02-2-3,2025-06-21T09:25:00Z,52.5,99.58,287.9
CELL-PER-02-2-3,2025-06-21T09:30:00Z,57.2,99.83,278.1
CELL-PER-02-2-3,2025-06-21T09:35:00Z,54.1,99.8,230.9
CELL-PER-02-2-3,2025-06-21T09:40:00Z,58.0,99.24,291.5
CELL-PER-02-2-3,2025-06-21T09:45:00Z,49.3,99.82,251.5
CELL-PER-02-2-3,2025-06-21T09:50:00Z,49.6,98.57,189.2
CELL-PER-02-2-3,2025-06-21T09:55:00Z,48.9,99.8,274.7
